"ALIGN_SPLIT","OPTIMIZE_SPLIT","OPTIMIZE_REPS","CUDA_THREADS","N_RESTART","CLIPPING","SIM_THRESH","BUFFER_SIZE","WORKER_PARS","WORKER_BUCK","WORKER_DS","TIME_TOTAL","THROUG","AVG_RMSD","RMSD_0.75","-RMSD^3*TIME"
8,24,2,128,1024,256,4,52428800,20,4,6,580.133,774.99,1.56,2.03618325,-4897.54180733459
72,32,1,32,256,30,3,1048576,20,4,6,228.198,1970.22,1.87,2.39155575,-3121.42828571135
16,72,2,192,1024,256,1,1048576,20,4,6,1206.1,372.77,1.54,2.06452875,-10613.1944875397
8,48,2,256,256,256,3,1048576,20,4,6,292.718,1535.95,1.49,1.93944775,-2135.42184371965
24,32,3,64,256,10,4,10485760,20,4,6,198.345,2266.76,2,2.675385,-3798.22003583461
72,32,1,192,256,30,3,1048576,20,4,6,238.652,1883.91,1.87,2.39155575,-3264.42432993096
24,72,4,128,1024,256,1,1048576,20,4,6,1755.998,256.03,1.54,2.0829865,-15870.2359154038
12,8,4,128,256,50,1,1048576,20,4,6,150.604,2985.31,1.88,2.25723725,-1732.08073990359
20,32,4,32,256,10,3,10485760,20,4,6,232.799,1931.28,1.85,2.35611025,-3044.86425845638
12,20,2,192,1024,50,3,52428800,20,4,6,487.705,921.87,1.77,2.3264545,-6141.02545479012
12,8,3,128,256,50,2,1048576,20,4,6,131.38,3422.14,1.91,2.2858815,-1569.24370817179
48,8,1,160,256,256,4,1048576,20,4,6,205.824,2184.39,1.73,2.251652,-2349.63186520889
8,72,1,64,256,256,4,1048576,20,4,6,270.49,1662.17,1.52,1.96555925,-2054.04348326657
72,8,1,32,256,256,4,1048576,20,4,6,278.278,1615.65,1.6,2.15311,-2777.65003971937
12,32,5,32,256,256,1,10485760,20,4,6,388.713,1156.63,1.5,1.84269475,-2432.14386642389
8,72,5,160,256,256,1,10485760,20,4,6,625.047,719.3,1.49,1.96179825,-4719.27954537924
8,72,1,96,256,10,4,1048576,20,4,6,133.808,3360.04,2.04,2.70508175,-2648.6420074099
12,20,5,32,1024,256,1,10485760,20,4,6,929.33,483.79,1.6,2.06972575,-8239.64243488313
8,8,1,32,256,10,1,2097152,20,4,6,79.659,5644.07,2.31,3.2368365,-2701.45127308003
24,48,5,160,256,30,4,2097152,20,4,6,401.946,1118.56,1.78,2.25479075,-4607.72386666056
8,8,1,32,256,256,1,2097152,20,4,6,139.195,3230,1.58,2.24434975,-1573.60325326497
72,72,1,96,256,256,1,2097152,20,4,6,387.859,1159.18,1.57,2.07924225,-3486.49580998402
8,8,5,160,256,256,4,2097152,20,4,6,256.582,1752.27,1.54,2.011685,-2088.84453845111
72,8,1,256,256,256,1,2097152,20,4,6,293.107,1533.91,1.6,2.15311,-2925.66667214809
8,8,2,96,1024,256,2,2097152,20,4,6,430.476,1044.42,1.7,2.294144,-5197.69709820461
8,8,1,32,256,10,1,5242880,20,4,6,80.312,5598.17,2.31,3.2368365,-2723.5962621123
16,24,5,160,256,50,4,5242880,20,4,6,267.737,1679.26,1.75,2.34164825,-3437.74269151598
12,12,2,64,256,256,2,5242880,20,4,6,203.702,2207.15,1.58,1.9756815,-1570.89114864709
32,48,5,160,256,256,4,5242880,20,4,6,518.776,866.65,1.46,1.903675,-3578.97196068895
72,72,5,32,256,256,1,5242880,20,4,6,726.191,619.12,1.53,1.9820815,-5654.7757412983
8,72,5,160,256,256,4,1048576,20,4,6,622.835,721.86,1.49,1.96179825,-4702.57832714385
72,8,1,256,256,256,4,1048576,20,4,6,292.441,1537.4,1.6,2.15311,-2919.01894963156
8,72,5,224,256,256,4,2097152,20,4,6,652.855,688.66,1.49,1.96179825,-4929.23771748135
72,72,5,32,256,50,4,5242880,20,4,6,639.974,702.53,1.71,2.2812245,-7597.4248333625
72,8,5,32,256,256,4,2097152,20,4,6,375.535,1197.22,1.57,1.9799195,-2914.69434642467
8,8,1,256,256,50,4,1048576,20,4,6,87.996,5109.33,1.99,2.4906585,-1359.5822452533
8,72,1,256,256,10,4,1048576,20,4,6,136.279,3299.12,2.04,2.70508175,-2697.55383929073
8,8,1,192,256,10,4,1048576,20,4,6,76.846,5850.67,2.33,3.24027675,-2614.37318420183
8,8,1,192,1024,256,1,5242880,20,4,6,309.302,1453.59,1.76,2.39431625,-4245.48457585685
8,8,1,32,256,10,1,20971520,20,4,6,79.266,5672.05,2.31,3.2368365,-2688.12358442815
32,72,1,128,256,50,1,20971520,20,4,6,173.522,2591.03,1.74,2.150469,-1725.65551531308
72,8,5,160,256,10,4,20971520,20,4,6,290.804,1546.06,2.3,2.97435775,-7652.08853552121
8,72,5,64,256,50,4,20971520,20,4,6,510.473,880.75,1.67,2.1420505,-5017.20553028987
8,72,1,160,256,50,4,1048576,20,4,6,150.813,2981.18,1.69,2.31768875,-1877.60449913242
8,8,1,96,256,256,1,2097152,20,4,6,149.018,3017.09,1.58,2.24434975,-1684.65253489737
32,72,1,160,256,256,1,20971520,20,4,6,259.084,1735.34,1.54,1.92110775,-1836.9433599186
32,72,1,256,256,256,1,20971520,20,4,6,271.192,1657.86,1.54,1.92110775,-1922.79084645538
72,8,5,192,256,256,4,20971520,20,4,6,439.141,1023.81,1.57,1.9799195,-3408.36883375259
8,72,1,64,256,256,1,20971520,20,4,6,270.105,1664.54,1.52,1.96555925,-2051.119875218
72,8,1,64,256,256,1,20971520,20,4,6,341.232,1317.58,1.6,2.15311,-3406.02950414161
8,72,1,224,256,50,1,20971520,20,4,6,171.081,2628,1.67,2.1650705,-1736.27258493214
8,72,1,192,1024,256,1,20971520,20,4,6,614.321,731.86,1.56,2.049649,-5289.73415730632
72,72,5,32,256,256,1,52428800,20,4,6,731.196,614.88,1.53,1.9820815,-5693.74916920528
72,72,5,32,1024,10,4,5242880,20,4,6,2367.592,189.89,1.93,2.50902925,-37395.9040454562
8,8,1,256,256,10,4,52428800,20,4,6,71.681,6272.24,2.33,3.24027675,-2438.65502715524
72,72,5,256,1024,10,4,2097152,20,4,6,2422.358,185.6,1.93,2.50902925,-38260.9281209529
72,8,5,32,1024,10,4,20971520,20,4,6,1050.161,428.12,2.19,2.843885,-24154.1621523525
72,72,1,256,1024,10,4,10485760,20,4,6,1037.838,433.2,1.96,2.67142275,-19785.9737494132
8,8,5,32,256,10,1,52428800,20,4,6,142.461,3155.95,2.21,2.9636525,-3708.32532596645
8,8,1,256,256,256,4,52428800,20,4,6,152.556,2947.12,1.58,2.24434975,-1724.64972093172
8,8,1,256,1024,10,4,1048576,20,4,6,180.713,2487.92,2.37,3.31175025,-6563.90261367108
72,72,5,32,1024,10,1,52428800,20,4,6,2387.746,188.29,1.85,2.44870025,-35058.6349993983
72,8,1,256,1024,256,1,52428800,20,4,6,874.133,514.33,1.75,2.15510575,-8749.50075212397
72,72,5,256,256,10,1,10485760,20,4,6,622.548,722.19,1.91,2.514532,-9897.92919490141
72,72,5,160,256,50,1,52428800,20,4,6,681.409,659.81,1.67,2.10498075,-6355.53699613504
72,8,1,32,1024,10,4,1048576,20,4,6,710.341,632.93,2.34,2.98019225,-18801.8128433108
72,8,1,256,256,10,1,5242880,20,4,6,200.995,2236.87,2.44,3.29712625,-7204.30324480351
72,72,5,256,1024,256,4,5242880,20,4,6,2598.011,173.05,1.53,1.95177125,-19316.4687108614
8,8,1,32,1024,256,1,5242880,20,4,6,286.978,1566.67,1.76,2.39431625,-3939.06496760527
72,8,1,256,256,256,4,10485760,20,4,6,293.128,1533.8,1.6,2.15311,-2925.87628502023
72,72,5,256,256,256,1,52428800,20,4,6,740.47,607.18,1.53,1.9820815,-5765.96486758876
8,8,5,256,1024,256,1,10485760,20,4,6,647.997,693.83,1.67,2.14440725,-6389.91080219208
8,8,1,256,256,256,1,5242880,20,4,6,151.936,2959.14,1.58,2.24434975,-1717.64060410264
72,8,1,256,256,10,1,2097152,20,4,6,199.167,2257.4,2.44,3.29712625,-7138.78188192632
72,72,5,32,256,50,4,2097152,20,4,6,631.347,712.12,1.71,2.2812245,-7495.00976019169
8,8,1,128,256,256,4,52428800,20,4,6,146.038,3078.65,1.58,2.24434975,-1650.96355400919
72,8,5,256,1024,256,4,20971520,20,4,6,1194.167,376.49,1.72,2.174062,-12271.0250039935
8,72,1,32,1024,256,1,20971520,20,4,6,581.049,773.77,1.56,2.049649,-5003.23892943376
72,72,5,32,1024,256,1,2097152,20,4,6,2530.172,177.69,1.5,1.82777975,-15449.756169721
8,8,5,32,1024,10,1,10485760,20,4,6,513.616,875.36,2.1,2.80819925,-11374.2377366218
72,8,1,96,256,256,4,10485760,20,4,6,293.776,1530.42,1.6,2.15311,-2932.34433936063
8,8,5,256,1024,10,4,52428800,20,4,6,507.462,885.97,2.26,2.835143,-11564.541885583
8,8,1,256,1024,256,1,2097152,20,4,6,310.087,1449.91,1.76,2.39431625,-4256.25949936865
72,72,1,32,256,50,1,10485760,20,4,6,281.536,1596.95,1.69,2.12309525,-2694.27779580829
8,72,1,256,1024,10,1,20971520,20,4,6,482.926,930.99,1.92,2.48814375,-7438.87037083398
72,72,1,32,256,256,4,10485760,20,4,6,362.452,1240.44,1.57,2.07924225,-3258.1102393404
72,72,1,256,256,256,1,5242880,20,4,6,381.406,1178.79,1.57,2.07924225,-3428.489272913
8,8,1,32,256,256,4,52428800,20,4,6,138.838,3238.31,1.58,2.24434975,-1569.56735857467
8,8,1,256,256,256,1,20971520,20,4,6,151.222,2973.11,1.58,2.24434975,-1709.56881472205
8,8,1,32,256,50,4,1048576,20,4,6,80.612,5577.34,1.99,2.4906585,-1245.49574928814
8,8,1,32,256,256,4,1048576,20,4,6,137.924,3259.77,1.58,2.24434975,-1559.23456376535
8,8,1,160,256,50,4,52428800,20,4,6,84.644,5311.67,1.99,2.4906585,-1307.7921674533
8,72,1,256,256,50,1,5242880,20,4,6,160.629,2799,1.67,2.1650705,-1630.19697713402
72,8,5,256,1024,256,4,1048576,20,4,6,1208.691,371.97,1.72,2.174062,-12420.2707687467
72,8,5,32,256,50,4,10485760,20,4,6,301.305,1492.17,1.98,2.3136715,-3731.74044453507
8,8,1,128,256,256,1,20971520,20,4,6,144.8,3104.97,1.58,2.24434975,-1636.96793040531
8,72,1,256,256,50,4,52428800,20,4,6,160.747,2796.94,1.69,2.31768875,-2001.2816562368
72,8,1,256,256,50,4,52428800,20,4,6,220.892,2035.38,1.96,2.3712465,-2945.16815533649
8,72,5,256,256,256,4,5242880,20,4,6,607.947,739.53,1.49,1.96179825,-4590.16976607307
72,72,1,256,256,50,1,20971520,20,4,6,300.443,1496.46,1.69,2.12309525,-2875.21632688547
72,8,1,32,256,50,1,20971520,20,4,6,211.068,2130.12,1.94,2.31255925,-2610.36357539188
72,8,1,128,256,256,1,5242880,20,4,6,287.366,1564.55,1.6,2.15311,-2868.36250553043
8,72,1,32,256,50,4,1048576,20,4,6,148.424,3029.16,1.69,2.31768875,-1847.86172398421
8,72,1,160,256,10,1,5242880,20,4,6,128.659,3494.51,1.97,2.50946075,-2033.2060512809
8,72,5,32,256,256,4,2097152,20,4,6,588.647,763.78,1.49,1.96179825,-4444.4493718854
8,8,5,256,256,256,1,10485760,20,4,6,248.552,1808.88,1.54,2.011685,-2023.4719805797
8,72,1,32,256,50,4,52428800,20,4,6,146.934,3059.88,1.69,2.31768875,-1829.31139540705
72,8,1,32,256,50,4,52428800,20,4,6,210.069,2140.25,1.96,2.3712465,-2800.86435553746
8,72,5,256,1024,256,4,52428800,20,4,6,2033.074,221.14,1.52,1.9530985,-15146.9651377105
72,8,1,32,1024,256,1,52428800,20,4,6,837.201,537.02,1.75,2.15510575,-8379.8355389614
72,72,1,160,1024,256,4,10485760,20,4,6,1150.83,390.67,1.6,2.07916875,-10343.8065994887
72,72,1,32,256,10,1,20971520,20,4,6,257.915,1743.21,1.92,2.641741,-4754.96484544783
8,8,5,32,256,256,4,20971520,20,4,6,243.931,1843.14,1.54,2.011685,-1985.85223090052
8,72,1,192,256,256,4,52428800,20,4,6,240.258,1871.32,1.52,1.96555925,-1824.46811047602
72,8,1,160,256,256,1,2097152,20,4,6,282.652,1590.65,1.6,2.15311,-2821.30940651708
8,72,5,32,256,50,4,10485760,20,4,6,498.873,901.23,1.67,2.1420505,-4903.19443831956
72,8,5,256,256,256,4,5242880,20,4,6,381.708,1177.86,1.57,1.9799195,-2962.60574802633
8,8,1,96,256,50,1,2097152,20,4,6,82.863,5425.83,1.98,2.4906585,-1280.27482599691
8,72,1,64,256,256,4,52428800,20,4,6,270.138,1664.33,1.52,1.96555925,-2051.37047019359
8,8,1,256,256,256,4,1048576,20,4,6,152.17,2954.59,1.58,2.24434975,-1720.28598045426
72,8,1,96,256,10,1,2097152,20,4,6,199.21,2256.91,2.44,3.29712625,-7140.32313936818
8,8,5,256,256,50,4,2097152,20,4,6,168.837,2662.92,1.87,2.4576415,-2506.24326337403
8,72,1,256,256,256,4,10485760,20,4,6,242.551,1853.63,1.52,1.96555925,-1841.88066438607
72,72,1,256,256,50,4,1048576,20,4,6,298.285,1507.28,1.74,2.2805385,-3537.88440997242
72,72,5,256,1024,10,1,1048576,20,4,6,2400.101,187.32,1.85,2.44870025,-35240.0401553142
8,8,1,256,256,50,1,20971520,20,4,6,85.396,5264.89,1.98,2.4906585,-1319.41094385712
8,72,1,256,256,50,1,2097152,20,4,6,158.482,2836.92,1.67,2.1650705,-1608.40743159799
72,72,1,32,256,10,4,52428800,20,4,6,258.977,1736.06,1.93,2.68203125,-4996.34819863178
72,8,5,32,1024,256,4,20971520,20,4,6,1182.216,380.3,1.72,2.174062,-12148.2188807103
8,8,1,128,256,50,1,20971520,20,4,6,83.438,5388.44,1.98,2.4906585,-1289.15886380568
8,72,1,96,1024,256,1,5242880,20,4,6,625.579,718.69,1.56,2.049649,-5386.67342381837
72,8,1,96,1024,256,1,5242880,20,4,6,876.967,512.67,1.75,2.15510575,-8777.8672422708
72,72,1,32,256,256,4,1048576,20,4,6,362.153,1241.46,1.57,2.07924225,-3255.42250424289
72,72,5,32,256,256,4,20971520,20,4,6,722.827,622,1.53,1.9820815,-5628.58061412965
72,8,5,32,256,256,1,10485760,20,4,6,373.637,1203.3,1.57,1.9799195,-2899.9631233176
8,8,5,256,256,50,1,52428800,20,4,6,169.029,2659.9,1.84,2.37724825,-2270.83108840894
72,72,1,192,256,50,1,5242880,20,4,6,293.13,1533.79,1.69,2.12309525,-2805.23148117926
72,8,1,192,256,256,4,52428800,20,4,6,291.629,1541.68,1.6,2.15311,-2910.91391857538
72,8,1,192,1024,256,4,2097152,20,4,6,858.639,523.62,1.77,2.19253775,-9050.06814275505
8,8,1,96,256,50,4,52428800,20,4,6,85.665,5248.36,1.99,2.4906585,-1323.56712850157
8,8,1,256,256,256,1,2097152,20,4,6,153.734,2924.53,1.58,2.24434975,-1737.96704290698
8,72,1,256,256,10,1,20971520,20,4,6,137.907,3260.17,1.97,2.50946075,-2179.35276128366
8,72,1,128,256,10,4,52428800,20,4,6,128.094,3509.93,2.04,2.70508175,-2535.53710762558
8,8,1,96,256,256,4,1048576,20,4,6,150.296,2991.43,1.58,2.24434975,-1699.100359587
8,8,1,160,256,256,1,5242880,20,4,6,144.677,3107.61,1.58,2.24434975,-1635.57741206664
72,8,1,256,256,10,4,1048576,20,4,6,200.677,2240.42,2.48,3.25655075,-6930.60506700523
72,72,1,96,256,50,4,1048576,20,4,6,296.065,1518.58,1.74,2.2805385,-3511.55354053501
8,8,1,32,256,10,4,1048576,20,4,6,78.378,5736.31,2.33,3.24027675,-2666.49326485922
8,72,1,96,256,50,1,5242880,20,4,6,156.77,2867.9,1.67,2.1650705,-1591.0326286368
72,72,5,256,256,256,1,10485760,20,4,6,740.773,606.93,1.53,1.9820815,-5768.32429788962
8,8,1,256,256,50,4,10485760,20,4,6,87.49,5138.88,1.99,2.4906585,-1351.76429198158
8,8,1,192,256,50,1,10485760,20,4,6,86.195,5216.09,1.98,2.4906585,-1331.75589378618
8,8,1,224,256,10,4,10485760,20,4,6,77.753,5782.42,2.33,3.24027675,-2645.23017712366
72,8,1,192,256,50,4,10485760,20,4,6,218.528,2057.4,1.96,2.3712465,-2913.6487815284
8,72,1,32,256,10,1,5242880,20,4,6,126.594,3551.51,1.97,2.50946075,-2000.57272989728
8,8,5,32,256,50,4,2097152,20,4,6,164.681,2730.13,1.87,2.4576415,-2444.55093880902
8,72,5,256,256,10,4,2097152,20,4,6,476.683,943.18,1.9,2.48394025,-7305.55304638481
72,72,1,256,256,50,1,2097152,20,4,6,298.385,1506.78,1.69,2.12309525,-2855.52142568714
8,8,1,32,1024,10,1,2097152,20,4,6,166.796,2695.51,2.27,3.248622,-5718.51381525604
8,8,1,256,1024,10,1,5242880,20,4,6,178.346,2520.94,2.27,3.248622,-6114.49953773265
8,72,1,96,256,50,1,2097152,20,4,6,156.079,2880.59,1.67,2.1650705,-1584.01978468459
8,72,1,160,256,10,1,20971520,20,4,6,126.26,3560.91,1.97,2.50946075,-1995.29450745557
8,8,5,192,256,256,1,52428800,20,4,6,285.165,1576.63,1.54,2.011685,-2321.53990851817
72,8,1,96,256,256,4,52428800,20,4,6,294.581,1526.23,1.6,2.15311,-2940.37949945943
8,72,5,224,256,256,4,20971520,20,4,6,653.781,687.69,1.49,1.96179825,-4936.22927629056
72,8,1,256,256,256,1,20971520,20,4,6,295.038,1523.87,1.6,2.15311,-2944.94107481987
72,72,1,128,256,256,1,20971520,20,4,6,370.707,1212.82,1.57,2.07924225,-3332.31509964122
72,72,5,256,256,10,1,52428800,20,4,6,618.408,727.02,1.91,2.514532,-9832.10707858766
72,8,1,128,256,10,4,52428800,20,4,6,192.808,2331.85,2.48,3.25655075,-6658.84033426423
8,72,1,128,256,50,4,52428800,20,4,6,148.975,3017.96,1.69,2.31768875,-1854.72161059228
8,8,1,160,256,256,4,10485760,20,4,6,144.895,3102.94,1.58,2.24434975,-1638.04190798396
72,72,1,256,256,256,1,20971520,20,4,6,385.873,1165.15,1.57,2.07924225,-3468.64349592497
8,72,1,32,256,256,1,5242880,20,4,6,224.04,2006.78,1.52,1.96555925,-1701.31207065341
8,72,1,96,256,256,1,5242880,20,4,6,241.564,1861.2,1.52,1.96555925,-1834.38559647974
8,72,5,192,1024,256,1,2097152,20,4,6,2351.461,191.2,1.47,1.90345375,-16216.7852877656
8,72,1,256,256,50,4,1048576,20,4,6,159.486,2819.06,1.69,2.31768875,-1985.58235131344
8,72,1,192,256,50,1,5242880,20,4,6,155.355,2894.02,1.67,2.1650705,-1576.6720292267
72,72,1,256,256,256,4,1048576,20,4,6,381.974,1177.04,1.57,2.07924225,-3433.59507069021
72,72,5,32,256,10,4,10485760,20,4,6,601.339,747.66,1.96,2.6256,-10884.4142482572
8,8,1,32,256,50,1,10485760,20,4,6,85.553,5255.23,1.98,2.4906585,-1321.83667244143
8,72,5,32,1024,256,4,52428800,20,4,6,1973.251,227.84,1.52,1.9530985,-14701.267196842
72,8,1,160,1024,256,1,52428800,20,4,6,839.134,535.79,1.75,2.15510575,-8399.18360722315
8,8,1,128,256,50,1,10485760,20,4,6,84.226,5338.03,1.98,2.4906585,-1301.33385822884
8,72,1,160,256,50,1,10485760,20,4,6,149.951,2998.31,1.67,2.1650705,-1521.82773296368
72,72,1,128,256,50,1,10485760,20,4,6,283.116,1588.04,1.69,2.12309525,-2709.39827389058
72,8,1,192,256,256,1,10485760,20,4,6,289.953,1550.59,1.6,2.15311,-2894.18481506533
72,72,1,128,256,256,4,52428800,20,4,6,371.309,1210.85,1.57,2.07924225,-3337.72652615862
72,8,1,96,256,50,4,1048576,20,4,6,221.527,2029.55,1.96,2.3712465,-2953.63465380017
8,72,1,256,256,50,4,10485760,20,4,6,159.576,2817.47,1.69,2.31768875,-1986.70284095904
8,8,1,192,256,50,1,20971520,20,4,6,86.159,5218.27,1.98,2.4906585,-1331.19967576684
72,72,1,128,256,256,4,1048576,20,4,6,371.523,1210.15,1.57,2.07924225,-3339.65018940566
8,72,1,32,256,10,1,2097152,20,4,6,126.67,3549.38,1.97,2.50946075,-2001.77376254868
8,72,5,256,256,10,4,5242880,20,4,6,478.908,938.8,1.9,2.48394025,-7339.65297343949
8,8,1,256,256,50,1,5242880,20,4,6,88.073,5104.86,1.98,2.4906585,-1360.77193379465
8,72,5,96,256,10,4,5242880,20,4,6,501.096,897.23,1.9,2.48394025,-7679.70204377173
8,48,1,32,256,50,1,5242880,20,4,6,122.91,3657.96,1.68,2.11714775,-1166.38176301288
72,8,5,256,1024,50,4,20971520,20,4,6,1079.78,416.38,1.91,2.51943225,-17268.0513646346
72,72,5,32,1024,10,4,2097152,20,4,6,2370.705,189.64,1.93,2.50902925,-37445.0736022436
72,72,5,256,1024,10,4,5242880,20,4,6,2402.012,187.17,1.93,2.50902925,-37939.5648692994
72,72,1,256,1024,50,1,52428800,20,4,6,1052.838,427.03,1.69,2.24937925,-11982.5598036098
72,8,1,256,256,10,1,20971520,20,4,6,200.059,2247.34,2.44,3.29712625,-7170.75401304582
72,72,1,256,256,50,1,5242880,20,4,6,296.929,1514.17,1.69,2.12309525,-2841.58761803662
8,8,1,128,1024,256,1,20971520,20,4,6,295.828,1519.8,1.76,2.39431625,-4060.54021993579
72,72,1,128,1024,256,1,20971520,20,4,6,1134.982,396.13,1.59,2.07916875,-10201.3627572282
72,72,1,256,256,256,1,2097152,20,4,6,382.039,1176.84,1.57,2.07924225,-3434.1793609288
8,8,1,96,256,256,1,10485760,20,4,6,149.494,3007.48,1.58,2.24434975,-1690.03372781776
8,8,1,192,256,50,1,2097152,20,4,6,84.654,5311.04,1.98,2.4906585,-1307.94667245867
8,72,1,256,256,256,4,52428800,20,4,6,243.414,1847.06,1.52,1.96555925,-1848.43410268715
8,72,1,192,256,50,4,52428800,20,4,6,156.67,2869.73,1.69,2.31768875,-1950.5234752911
8,8,1,192,256,50,4,1048576,20,4,6,84.109,5345.45,1.99,2.4906585,-1299.52614966601
8,8,5,128,1024,256,4,5242880,20,4,6,660.377,680.82,1.69,2.14440725,-6511.9902188115
72,72,5,32,1024,256,4,5242880,20,4,6,2528.203,177.83,1.53,1.95177125,-18797.4393273185
72,72,1,32,1024,50,4,10485760,20,4,6,1004.964,447.38,1.75,2.28313275,-11960.3529513534
72,8,5,96,256,256,1,1048576,20,4,6,397.761,1130.32,1.57,1.9799195,-3087.20022881549
8,8,1,32,1024,256,4,2097152,20,4,6,283.322,1586.89,1.77,2.39431625,-3888.88264867642
72,72,5,256,1024,256,1,10485760,20,4,6,2597.102,173.11,1.5,1.82777975,-15858.4446622185
8,8,1,160,1024,256,4,10485760,20,4,6,293.905,1529.74,1.77,2.39431625,-4034.14508883617
72,8,1,192,256,50,1,2097152,20,4,6,219.859,2044.95,1.94,2.31255925,-2719.08543844678
8,72,5,128,256,256,1,52428800,20,4,6,596.344,753.92,1.49,1.96179825,-4502.56387313216
72,8,1,128,256,50,1,10485760,20,4,6,213.653,2104.35,1.94,2.31255925,-2642.33331899294
72,72,1,160,256,10,4,1048576,20,4,6,260.537,1725.67,1.93,2.68203125,-5026.44470600451
8,72,1,192,256,50,1,2097152,20,4,6,154.259,2914.58,1.67,2.1650705,-1565.54890770481
72,72,1,160,256,50,1,20971520,20,4,6,283.757,1584.45,1.69,2.12309525,-2715.53259442903
8,72,1,128,256,256,1,2097152,20,4,6,229.039,1962.98,1.52,1.96555925,-1739.27341256199
72,8,1,96,1024,256,4,10485760,20,4,6,873.019,514.99,1.77,2.19253775,-9201.63356185763
72,8,1,32,256,256,1,5242880,20,4,6,277.244,1621.67,1.6,2.15311,-2767.32910115768
8,72,5,128,256,256,4,20971520,20,4,6,600.463,748.75,1.49,1.96179825,-4533.66347435802
72,72,5,160,256,256,4,2097152,20,4,6,773.837,581,1.53,1.9820815,-6025.79031593486
8,8,5,192,256,10,1,52428800,20,4,6,167.745,2680.26,2.21,2.9636525,-4366.47947020056
8,8,1,128,256,10,1,10485760,20,4,6,74.536,6031.99,2.31,3.2368365,-2527.71654289275
8,8,1,32,256,50,1,20971520,20,4,6,80.016,5618.88,1.98,2.4906585,-1236.28725096809
8,48,1,96,256,50,4,1048576,20,4,6,130.617,3442.13,1.71,2.215611,-1420.6275828355
8,8,1,32,256,256,1,5242880,20,4,6,136.675,3289.56,1.58,2.24434975,-1545.11458486289
8,8,1,32,256,50,4,52428800,20,4,6,85.576,5253.82,1.99,2.4906585,-1322.19203395378
8,8,1,192,256,256,1,1048576,20,4,6,150.537,2986.64,1.58,2.24434975,-1701.82487112862
8,72,1,64,256,256,4,10485760,20,4,6,269.27,1669.7,1.52,1.96555925,-2044.77906295681
8,48,5,160,256,50,4,20971520,20,4,6,394.847,1138.67,1.63,2.14130375,-3876.71322087263
48,8,1,96,256,50,1,20971520,20,4,6,139.889,3213.98,2.06,2.638675,-2570.04822594595
8,8,1,96,256,10,1,20971520,20,4,6,76.968,5841.4,2.31,3.2368365,-2610.19221414308
8,8,1,224,256,10,1,20971520,20,4,6,72.278,6220.44,2.31,3.2368365,-2451.14168035851
72,72,1,96,256,50,1,20971520,20,4,6,294.102,1528.72,1.69,2.12309525,-2814.53344617672
72,8,1,96,256,256,1,2097152,20,4,6,292.491,1537.14,1.6,2.15311,-2919.51802789857
8,72,1,32,256,50,1,2097152,20,4,6,147.83,3041.33,1.67,2.1650705,-1500.30205709879
8,8,1,32,256,10,1,10485760,20,4,6,79.194,5677.21,2.31,3.2368365,-2685.68187047666
72,8,1,192,256,256,1,5242880,20,4,6,290.364,1548.4,1.6,2.15311,-2898.28723842012
8,72,1,96,1024,256,4,10485760,20,4,6,619.714,725.49,1.59,2.049649,-5336.17166523841
8,8,1,96,256,10,4,1048576,20,4,6,74.454,6038.64,2.33,3.24027675,-2532.99509482033
8,72,1,32,256,50,1,5242880,20,4,6,146.496,3069.03,1.67,2.1650705,-1486.76351320263
8,8,1,64,256,50,1,5242880,20,4,6,93.491,4809.02,1.98,2.4906585,-1444.48274570408
8,8,5,64,256,256,1,52428800,20,4,6,249.037,1805.35,1.54,2.011685,-2027.42038538264
8,72,5,32,256,256,1,52428800,20,4,6,595.393,755.13,1.49,1.96179825,-4495.38355733566
8,48,5,224,256,50,4,10485760,20,4,6,416.019,1080.72,1.63,2.14130375,-4084.58556715439
72,8,1,96,256,50,1,5242880,20,4,6,220.618,2037.91,1.94,2.31255925,-2728.4722993339
48,8,1,32,256,50,1,5242880,20,4,6,132.409,3395.54,2.06,2.638675,-2432.62526395411
72,72,1,192,256,50,1,2097152,20,4,6,293.475,1531.99,1.69,2.12309525,-2808.53310455798
48,8,1,128,256,256,1,20971520,20,4,6,204.239,2201.34,1.73,2.251652,-2331.53792812499
12,8,1,192,256,256,1,20971520,20,4,6,151.421,2969.21,1.61,2.03661625,-1279.1271700609
72,8,1,32,256,256,4,52428800,20,4,6,276.789,1624.34,1.6,2.15311,-2762.78748892792
8,48,1,96,256,50,1,10485760,20,4,6,130.111,3455.51,1.68,2.11714775,-1234.71725300927
8,72,1,32,256,256,1,20971520,20,4,6,223.374,2012.77,1.52,1.96555925,-1696.25460841874
48,72,1,128,256,10,1,20971520,20,4,6,181.99,2470.47,2.14,2.76661225,-3853.82874490561
8,72,5,32,256,256,1,1048576,20,4,6,592.315,759.05,1.49,1.96179825,-4472.14379706055
72,72,1,96,256,256,1,10485760,20,4,6,388.707,1156.65,1.57,2.07924225,-3494.11855032746
48,72,1,128,256,50,1,5242880,20,4,6,207.315,2168.68,1.89,2.4280985,-2967.76581524324
72,8,1,192,256,50,1,5242880,20,4,6,218.384,2058.76,1.94,2.31255925,-2700.84351511542
8,48,1,224,256,50,4,1048576,20,4,6,141.092,3186.58,1.71,2.215611,-1534.55665738324
8,48,5,64,256,50,1,52428800,20,4,6,386.361,1163.68,1.6,2.11551375,-3657.97589028777
72,72,1,32,256,10,4,1048576,20,4,6,257.639,1745.08,1.93,2.68203125,-4970.5346557698
72,8,1,256,256,50,1,10485760,20,4,6,221.041,2034.01,1.94,2.31255925,-2733.70371192316
8,72,5,96,1024,256,4,20971520,20,4,6,2087.057,215.42,1.52,1.9530985,-15549.1534589566
8,8,1,192,1024,256,1,20971520,20,4,6,310.543,1447.78,1.76,2.39431625,-4262.51856321754
8,72,1,256,1024,256,1,20971520,20,4,6,628.725,715.09,1.56,2.049649,-5413.76268767047
72,8,1,32,1024,256,4,1048576,20,4,6,832.663,539.95,1.77,2.19253775,-8776.28070696864
72,8,1,256,256,256,4,52428800,20,4,6,293.879,1529.88,1.6,2.15311,-2933.37244059066
8,72,1,128,256,10,1,10485760,20,4,6,128.291,3504.54,1.97,2.50946075,-2027.3905247583
32,48,1,224,256,50,1,2097152,20,4,6,166.219,2704.87,1.72,2.1221715,-1588.62758231662
72,8,5,256,1024,256,1,2097152,20,4,6,1193.705,376.64,1.71,2.174062,-12266.2775829445
72,72,1,32,1024,256,4,10485760,20,4,6,1120.755,401.15,1.6,2.07916875,-10073.4886694038
8,72,1,256,256,50,1,20971520,20,4,6,159.395,2820.67,1.67,2.1650705,-1617.67331658839
32,48,1,128,256,50,1,10485760,20,4,6,148.661,3024.33,1.72,2.1221715,-1420.81810752544
48,8,1,160,256,50,4,1048576,20,4,6,134.346,3346.59,2.05,2.638675,-2468.2119320528
32,32,1,64,256,256,4,1048576,20,4,6,241.836,1859.11,1.57,2.05911475,-2111.3615078567
8,8,5,224,256,256,4,5242880,20,4,6,263.881,1703.8,1.54,2.011685,-2148.2659954752
72,8,5,192,256,256,1,1048576,20,4,6,438.832,1024.54,1.57,1.9799195,-3405.97054716666
8,32,1,224,256,256,4,10485760,20,4,6,206.627,2175.9,1.56,2.06485625,-1819.09984973216
8,8,1,32,256,50,1,5242880,20,4,6,82.202,5469.46,1.98,2.4906585,-1270.06204514196
8,8,1,64,256,50,1,20971520,20,4,6,90.678,4958.21,1.98,2.4906585,-1401.02048769352
32,8,1,64,256,50,4,1048576,20,4,6,121.757,3692.6,2,2.5737495,-2075.83468673679
8,48,5,64,256,50,4,2097152,20,4,6,379.026,1186.2,1.63,2.14130375,-3721.37842064007
8,8,1,128,256,50,1,2097152,20,4,6,82.95,5420.14,1.98,2.4906585,-1281.61901954363
72,72,1,32,256,256,1,2097152,20,4,6,364.632,1233.02,1.57,2.07924225,-3277.70643503462
72,72,1,192,256,256,1,20971520,20,4,6,383.573,1172.13,1.57,2.07924225,-3447.9686105595
8,72,1,32,256,10,4,52428800,20,4,6,124.613,3607.97,2.04,2.70508175,-2466.63298509334
8,72,1,160,256,50,1,5242880,20,4,6,147.14,3055.6,1.67,2.1650705,-1493.29936198009
72,8,1,160,256,10,1,5242880,20,4,6,191.112,2352.55,2.44,3.29712625,-6850.06493555008
32,32,1,224,256,50,1,5242880,20,4,6,147.195,3054.45,1.77,2.22143575,-1613.59421511633
72,8,1,256,256,50,1,5242880,20,4,6,220.527,2038.75,1.94,2.31255925,-2727.34686541989
8,8,1,256,1024,256,1,5242880,20,4,6,309.675,1451.84,1.76,2.39431625,-4250.60438027711
8,8,1,64,256,256,1,20971520,20,4,6,154.261,2914.54,1.58,2.24434975,-1743.9247922117
8,48,1,224,256,256,4,52428800,20,4,6,226.548,1984.57,1.52,1.91353025,-1587.32636190856
8,72,1,192,256,10,4,1048576,20,4,6,130.085,3456.2,2.04,2.70508175,-2574.9476528602
48,32,1,64,256,50,1,10485760,20,4,6,203.636,2207.86,1.9,2.5146795,-3238.19115199499
8,72,5,128,256,50,4,10485760,20,4,6,504.936,890.41,1.67,2.1420505,-4962.78489095887
8,72,1,192,256,10,1,10485760,20,4,6,133.693,3362.93,1.97,2.50946075,-2112.7586613754
8,48,1,160,256,10,1,10485760,20,4,6,103.205,4356.38,1.99,2.650463,-1921.61321164993
48,72,1,192,256,50,1,10485760,20,4,6,215.273,2088.51,1.89,2.4280985,-3081.68656558792
72,72,1,128,256,256,1,5242880,20,4,6,372.589,1206.69,1.57,2.07924225,-3349.23254931853
32,8,1,224,256,256,1,2097152,20,4,6,188.055,2390.79,1.58,2.0901465,-1717.17701462033
8,8,1,32,1024,256,1,20971520,20,4,6,293.783,1530.38,1.76,2.39431625,-4032.47051473625
72,72,1,192,256,50,4,1048576,20,4,6,294.831,1524.94,1.74,2.2805385,-3496.91737256845
8,8,1,96,256,10,1,2097152,20,4,6,75.231,5976.27,2.31,3.2368365,-2551.28586506338
8,48,5,96,256,256,4,2097152,20,4,6,491.463,914.82,1.47,1.88879075,-3311.63427588887
8,8,5,128,256,256,4,5242880,20,4,6,248.165,1811.7,1.54,2.011685,-2020.32139777817
48,72,1,224,256,10,1,20971520,20,4,6,210.117,2139.76,2.14,2.76661225,-4449.44741135959
8,12,1,96,256,50,1,10485760,20,4,6,90.735,4955.1,2,2.584616,-1566.61733938509
48,8,1,192,256,50,4,52428800,20,4,6,136.798,3286.6,2.05,2.638675,-2513.26020782873
8,8,1,256,256,10,1,10485760,20,4,6,72.003,6244.19,2.31,3.2368365,-2441.81568957157
32,32,1,160,256,256,1,20971520,20,4,6,212.115,2119.6,1.57,2.05911475,-1851.88080450811
72,8,1,32,256,50,4,1048576,20,4,6,209.039,2150.79,1.96,2.3712465,-2787.13129503732
32,8,1,160,256,50,1,10485760,20,4,6,103.689,4336.05,1.97,2.5737495,-1767.79341502379
8,8,1,224,256,50,1,5242880,20,4,6,89.665,5014.23,1.98,2.4906585,-1385.36913064954
8,32,1,160,256,30,4,1048576,20,4,6,99.71,4509.08,1.86,2.489371,-1538.18153646266
8,72,1,96,256,10,1,2097152,20,4,6,133.025,3379.82,1.97,2.50946075,-2102.20221649198
8,32,1,224,256,50,4,52428800,20,4,6,121.524,3699.68,1.79,2.4493885,-1785.80929646158
8,72,1,32,256,256,1,10485760,20,4,6,223.484,2011.78,1.52,1.96555925,-1697.08992500405
8,8,1,160,256,10,1,20971520,20,4,6,80.003,5619.8,2.31,3.2368365,-2713.11723973715
8,72,1,128,256,50,1,2097152,20,4,6,149.732,3002.7,1.67,2.1650705,-1519.605138426
32,8,1,128,256,50,4,52428800,20,4,6,103.833,4330.03,2,2.5737495,-1770.24847054331
8,48,5,64,256,256,4,5242880,20,4,6,481.06,934.6,1.47,1.88879075,-3241.53554745545
8,72,1,160,256,256,1,5242880,20,4,6,231.394,1943.01,1.52,1.96555925,-1757.15678127467
72,72,1,192,256,256,1,5242880,20,4,6,383.107,1173.56,1.57,2.07924225,-3443.77969900285
32,8,1,224,256,256,1,20971520,20,4,6,189.258,2375.59,1.58,2.0901465,-1728.1619070645
32,8,1,224,256,50,1,20971520,20,4,6,113.554,3959.35,1.97,2.5737495,-1935.98176710751
8,72,1,32,256,10,4,1048576,20,4,6,126.746,3547.25,2.04,2.70508175,-2508.85432762746
8,48,1,160,256,50,4,52428800,20,4,6,125.426,3584.59,1.71,2.215611,-1364.16879276607
8,72,1,256,256,10,4,52428800,20,4,6,135.777,3311.31,2.04,2.70508175,-2687.61707700656
8,48,1,96,256,256,1,1048576,20,4,6,213.36,2107.24,1.52,1.91353025,-1494.92360372553
72,8,1,256,256,50,1,2097152,20,4,6,220.456,2039.41,1.94,2.31255925,-2726.46877961886
32,48,1,32,256,50,4,1048576,20,4,6,145.641,3087.04,1.73,2.22309875,-1600.14712539525
32,32,1,64,256,256,4,52428800,20,4,6,242.22,1856.16,1.57,2.05911475,-2114.71403940294
32,72,5,96,256,256,4,1048576,20,4,6,649.487,692.24,1.5,1.82033275,-3917.62453314168
32,32,1,224,256,256,4,1048576,20,4,6,236.506,1901.01,1.57,2.05911475,-2064.82767155079
72,8,1,32,256,10,1,20971520,20,4,6,191.109,2352.58,2.44,3.29712625,-6849.95740596111
72,72,1,32,256,50,1,20971520,20,4,6,281.494,1597.19,1.69,2.12309525,-2693.87585904914
72,72,1,192,256,256,1,1048576,20,4,6,384.639,1168.89,1.57,2.07924225,-3457.55097047237
48,8,1,224,256,50,4,1048576,20,4,6,151.046,2976.58,2.05,2.638675,-2775.02522954794
8,32,1,160,256,50,1,10485760,20,4,6,110.224,4078.97,1.75,2.3551675,-1439.93061799928
32,8,5,128,256,256,1,10485760,20,4,6,274.161,1639.91,1.57,2.03247925,-2301.88719472694
32,8,1,224,256,256,1,10485760,20,4,6,189.309,2374.95,1.58,2.0901465,-1728.62760075914
48,8,1,64,256,256,1,5242880,20,4,6,236.888,1897.94,1.73,2.251652,-2704.25020058693
8,32,1,64,256,50,4,1048576,20,4,6,126.856,3544.18,1.79,2.4493885,-1864.16365583695
8,32,1,224,256,50,1,20971520,20,4,6,122.723,3663.54,1.75,2.3551675,-1603.21350370814
72,8,1,32,256,10,1,5242880,20,4,6,191.325,2349.93,2.44,3.29712625,-6857.69953636673
32,8,1,64,256,256,1,2097152,20,4,6,192.009,2341.56,1.58,2.0901465,-1753.28197282835
8,8,1,256,256,10,4,1048576,20,4,6,76.859,5849.68,2.33,3.24027675,-2614.81545642673
32,48,1,128,256,50,4,1048576,20,4,6,149.109,3015.25,1.73,2.22309875,-1638.24979037881
32,32,1,256,256,256,1,20971520,20,4,6,223.464,2011.96,1.57,2.05911475,-1950.96382669119
8,8,5,192,256,256,1,10485760,20,4,6,288.368,1559.12,1.54,2.011685,-2347.61566229926
8,8,5,128,256,50,1,52428800,20,4,6,167.369,2686.28,1.84,2.37724825,-2248.52971049888
32,8,1,64,256,50,4,52428800,20,4,6,121.167,3710.58,2,2.5737495,-2065.77577870543
48,72,1,160,256,10,1,10485760,20,4,6,184.046,2442.87,2.14,2.76661225,-3897.36669698828
8,32,1,32,256,50,1,10485760,20,4,6,107.359,4187.82,1.75,2.3551675,-1402.50318640028
32,8,1,128,256,256,1,2097152,20,4,6,169.742,2648.73,1.58,2.0901465,-1549.9564532487
8,32,1,224,256,50,1,2097152,20,4,6,121.32,3705.9,1.75,2.3551675,-1584.88516634919
8,8,1,64,256,256,1,1048576,20,4,6,156.16,2879.1,1.58,2.24434975,-1765.39303875755
8,8,5,224,256,50,4,20971520,20,4,6,182.08,2469.24,1.87,2.4576415,-2702.82446024949
32,32,1,256,256,50,1,20971520,20,4,6,140.785,3193.52,1.77,2.22143575,-1543.32593889162
32,8,1,160,256,50,1,20971520,20,4,6,103.197,4356.72,1.97,2.5737495,-1759.40530866543
48,72,1,192,256,256,4,52428800,20,4,6,303.09,1483.39,1.6,2.09653375,-2793.04017043513
72,72,1,32,256,50,4,52428800,20,4,6,281.325,1598.15,1.74,2.2805385,-3336.72605607218
8,32,5,256,256,50,1,5242880,20,4,6,298.431,1506.54,1.62,2.124655,-2862.26073715807
32,72,1,224,256,50,1,5242880,20,4,6,198.219,2268.2,1.74,2.150469,-1971.26422349814
32,8,1,224,256,50,1,2097152,20,4,6,113.608,3957.47,1.97,2.5737495,-1936.90241292733
48,8,1,160,256,256,4,52428800,20,4,6,203.247,2212.09,1.73,2.251652,-2320.21352081444
32,32,1,32,256,50,1,20971520,20,4,6,128.269,3505.14,1.77,2.22143575,-1406.12192247533
32,8,5,32,256,50,4,20971520,20,4,6,191.146,2352.13,1.87,2.38772275,-2602.05760170163
8,72,1,32,256,10,1,20971520,20,4,6,126.228,3561.81,1.97,2.50946075,-1994.78880949708
8,48,1,32,256,256,1,20971520,20,4,6,198.924,2260.16,1.52,1.91353025,-1393.77663548695
8,32,1,96,256,30,1,10485760,20,4,6,105.178,4274.66,1.79,2.37161875,-1403.00601815405
72,8,1,128,256,10,4,1048576,20,4,6,190.209,2363.72,2.48,3.25655075,-6569.08095691084
72,72,1,32,256,50,4,1048576,20,4,6,279.47,1608.76,1.74,2.2805385,-3314.72436111435
8,32,5,256,256,50,1,1048576,20,4,6,295.818,1519.85,1.62,2.124655,-2837.19937521446
8,24,1,256,256,10,1,20971520,20,4,6,87.904,5114.68,1.99,2.63831675,-1614.31931050661
8,72,1,96,256,10,1,20971520,20,4,6,132.544,3392.08,1.97,2.50946075,-2094.60094405347
32,48,1,192,256,50,4,1048576,20,4,6,155.068,2899.37,1.73,2.22309875,-1703.72089206192
8,8,1,160,256,256,4,1048576,20,4,6,143.747,3127.72,1.58,2.24434975,-1625.06373682302
8,72,5,224,256,50,4,2097152,20,4,6,551.326,815.49,1.67,2.1420505,-5418.73097341601
32,48,1,256,256,50,1,2097152,20,4,6,158.593,2834.93,1.72,2.1221715,-1515.74256951576
8,48,1,160,256,50,1,2097152,20,4,6,125.502,3582.42,1.68,2.11714775,-1190.97912311157
8,8,5,160,1024,50,1,10485760,20,4,6,567.839,791.77,1.91,2.5028695,-8903.0709681398
32,32,1,192,256,50,1,2097152,20,4,6,134.603,3340.2,1.77,2.22143575,-1475.55706469176
8,72,1,160,1024,10,1,20971520,20,4,6,452.288,994.05,1.92,2.48814375,-6966.93034188211
72,8,1,96,256,50,4,52428800,20,4,6,220.138,2042.35,1.96,2.3712465,-2935.11502172765
8,72,1,192,256,10,4,52428800,20,4,6,132.19,3401.17,2.04,2.70508175,-2616.61475367329
8,32,1,96,256,50,1,5242880,20,4,6,113.529,3960.23,1.75,2.3551675,-1483.10606701663
8,48,1,64,256,50,1,5242880,20,4,6,150.059,2996.16,1.68,2.11714775,-1424.01823265764
8,48,1,160,256,256,1,2097152,20,4,6,204.912,2194.11,1.52,1.91353025,-1435.73202796496
32,72,1,160,256,50,1,2097152,20,4,6,173.762,2587.45,1.74,2.150469,-1728.04228657941
48,8,1,224,256,50,4,5242880,20,4,6,150.329,2990.78,2.05,2.638675,-2761.85246701476
8,72,1,192,256,50,1,10485760,20,4,6,156.719,2868.83,1.67,2.1650705,-1590.51503812802
32,32,1,256,256,256,4,10485760,20,4,6,221.033,2034.08,1.57,2.05911475,-1929.73985744922
8,8,1,224,256,50,4,1048576,20,4,6,89.737,5010.2,1.99,2.4906585,-1386.48156668821
32,32,1,256,256,256,1,2097152,20,4,6,222.081,2024.49,1.57,2.05911475,-1938.88947479417
8,72,1,160,256,50,1,2097152,20,4,6,149.549,3006.37,1.67,2.1650705,-1517.74790189452
8,8,1,32,256,256,4,10485760,20,4,6,138.195,3253.38,1.58,2.24434975,-1562.29822612129
32,8,1,64,256,256,4,10485760,20,4,6,191.81,2343.99,1.58,2.0901465,-1751.46485429436
8,8,1,192,256,50,4,52428800,20,4,6,81.738,5500.51,1.99,2.4906585,-1262.89301289279
32,8,1,224,256,256,4,52428800,20,4,6,188.119,2389.98,1.58,2.0901465,-1717.76141455086
8,32,1,160,256,50,4,1048576,20,4,6,107.465,4183.69,1.79,2.4493885,-1579.2106583411
48,8,1,32,256,256,1,20971520,20,4,6,198.335,2266.87,1.73,2.251652,-2264.13943945412
32,72,1,224,256,50,4,1048576,20,4,6,196.27,2290.72,1.75,2.150469,-1951.88165183953
8,32,1,32,256,30,1,20971520,20,4,6,97.223,4624.43,1.79,2.37161875,-1296.89149920127
8,8,1,96,256,50,4,1048576,20,4,6,83.997,5352.58,1.99,2.4906585,-1297.79569360586
8,72,1,128,256,256,1,5242880,20,4,6,233.323,1926.94,1.52,1.96555925,-1771.80519666607
32,32,1,64,256,256,4,20971520,20,4,6,244.316,1840.24,1.57,2.05911475,-2133.01327409285
32,8,1,256,256,50,1,10485760,20,4,6,110.272,4077.2,1.97,2.5737495,-1880.02696005847
48,72,1,192,256,50,1,20971520,20,4,6,214.039,2100.55,1.89,2.4280985,-3064.02154850758
32,8,1,96,256,50,1,5242880,20,4,6,105.796,4249.69,1.97,2.5737495,-1803.71565099342
8,72,5,224,256,256,1,52428800,20,4,6,651.466,690.13,1.49,1.96179825,-4918.75037926753
8,32,1,160,256,256,4,52428800,20,4,6,186.165,2415.06,1.56,2.06485625,-1638.9567845702
24,32,1,256,256,256,4,52428800,20,4,6,209.821,2142.78,1.56,2.095239,-1929.96600995324
24,32,1,192,256,256,4,52428800,20,4,6,206.586,2176.33,1.56,2.095239,-1900.20997961215
8,8,1,160,1024,50,4,1048576,20,4,6,188.859,2380.61,2.08,2.821071,-4240.13549949266
8,8,1,160,1024,10,1,1048576,20,4,6,166.573,2699.12,2.27,3.248622,-5710.8683766316
72,72,1,160,256,256,4,10485760,20,4,6,371.864,1209.04,1.57,2.07924225,-3342.71546588811
72,72,1,128,256,50,1,2097152,20,4,6,284.837,1578.45,1.69,2.12309525,-2725.86811109288
8,8,1,224,1024,50,4,1048576,20,4,6,211.843,2122.33,2.08,2.821071,-4756.15683985949
8,72,1,224,256,256,4,1048576,20,4,6,258.853,1736.89,1.52,1.96555925,-1965.67458232837
8,72,1,256,256,10,1,10485760,20,4,6,138.046,3256.89,1.97,2.50946075,-2181.54938679084
8,72,1,96,256,50,4,1048576,20,4,6,156.002,2882.02,1.69,2.31768875,-1942.20695214376
8,48,1,224,256,10,1,20971520,20,4,6,116.825,3848.49,1.99,2.650463,-2175.20918028199
72,48,1,160,256,50,1,10485760,20,4,6,259.413,1733.14,1.76,2.08851875,-2363.23479235235
8,32,1,64,256,50,1,10485760,20,4,6,126.819,3545.21,1.75,2.3551675,-1656.72232040255
72,32,1,224,256,50,1,2097152,20,4,6,267.715,1679.4,1.78,2.06974825,-2373.69698116176
24,8,1,160,256,256,4,20971520,20,4,6,158.364,2839.03,1.63,2.14984475,-1573.53989661137
8,32,1,96,256,50,1,20971520,20,4,6,111.297,4039.65,1.75,2.3551675,-1453.94794229447
8,20,1,224,256,256,4,52428800,20,4,6,187.92,2392.51,1.55,1.9630255,-1421.51297245819
8,72,1,192,256,50,4,1048576,20,4,6,156.786,2867.6,1.69,2.31768875,-1951.96766194543
8,48,1,128,256,30,4,1048576,20,4,6,114.984,3910.11,1.78,2.3122345,-1421.45476313832
8,8,1,96,256,256,1,5242880,20,4,6,149.407,3009.23,1.58,2.24434975,-1689.05019045626
8,32,1,256,256,50,1,20971520,20,4,6,113.471,3962.25,1.75,2.3551675,-1482.34837381148
8,8,1,192,256,256,1,2097152,20,4,6,148.134,3035.09,1.58,2.24434975,-1674.65889090235
8,72,5,160,1024,256,1,10485760,20,4,6,2103.346,213.75,1.47,1.90345375,-14505.6671013811
8,8,1,96,1024,256,4,10485760,20,4,6,310.346,1448.7,1.77,2.39431625,-4259.81453782668
8,48,1,128,256,10,1,20971520,20,4,6,106.496,4221.76,1.99,2.650463,-1982.88959437887
8,8,5,224,256,256,4,1048576,20,4,6,265.897,1690.88,1.54,2.011685,-2164.67833379011
24,72,1,256,256,256,1,1048576,20,4,6,256.536,1752.58,1.56,2.04081275,-2180.50855735573
8,8,5,64,256,256,4,10485760,20,4,6,249.224,1804,1.54,2.011685,-2028.942760018
8,48,1,256,256,256,4,52428800,20,4,6,216.505,2076.63,1.52,1.91353025,-1516.95929332862
8,32,1,96,256,256,4,52428800,20,4,6,194.28,2314.19,1.56,2.06485625,-1710.39950638573
8,48,1,192,256,50,1,2097152,20,4,6,129.099,3482.6,1.68,2.11714775,-1225.11365408185
48,8,1,128,256,50,1,2097152,20,4,6,135.606,3315.49,2.06,2.638675,-2491.360719768
48,48,1,128,256,50,1,20971520,20,4,6,181.465,2477.61,1.84,2.4472985,-2659.82892825795
8,8,1,96,256,10,4,52428800,20,4,6,72.517,6199.93,2.33,3.24027675,-2467.09653331031
8,8,1,96,256,50,1,20971520,20,4,6,83.594,5378.38,1.98,2.4906585,-1291.56914188946
24,72,1,224,256,256,4,10485760,20,4,6,276.707,1624.82,1.56,2.04081275,-2351.95832701933
8,32,5,64,256,256,4,1048576,20,4,6,386.429,1163.47,1.47,1.83652825,-2393.66048594216
8,48,1,256,256,50,1,2097152,20,4,6,131.88,3409.16,1.68,2.11714775,-1251.50457168773
8,32,5,32,256,50,1,1048576,20,4,6,290.116,1549.72,1.62,2.124655,-2782.51132094639
32,72,1,64,256,50,4,1048576,20,4,6,216.397,2077.66,1.75,2.150469,-2152.04225716166
72,8,1,160,1024,256,1,20971520,20,4,6,842.926,533.38,1.75,2.15510575,-8437.13905204912
8,32,1,32,256,50,1,20971520,20,4,6,106.651,4215.62,1.75,2.3551675,-1393.25410382713
8,48,1,64,256,10,1,20971520,20,4,6,121.651,3695.82,1.99,2.650463,-2265.06631277967
32,8,1,32,256,256,1,1048576,20,4,6,163.334,2752.64,1.58,2.0901465,-1491.44341020445
8,48,1,192,256,10,1,5242880,20,4,6,107.547,4180.5,1.99,2.650463,-2002.4585637645
8,72,1,192,256,10,1,5242880,20,4,6,132.122,3402.92,1.97,2.50946075,-2087.93205222592
8,48,1,224,256,50,1,5242880,20,4,6,142.885,3146.59,1.68,2.11714775,-1355.93896516228
72,32,1,64,256,50,1,20971520,20,4,6,306.3,1467.84,1.78,2.06974825,-2715.81116235492
12,24,5,96,1024,50,3,2097152,20,4,6,939.342,478.63,1.73,2.2441005,-10615.7491723524
48,48,4,96,1024,10,2,10485760,20,4,6,1417.086,317.27,1.91,2.36322275,-18702.9530601237
8,48,1,96,256,50,1,2097152,20,4,6,128.788,3491.01,1.68,2.11714775,-1222.1623504589
12,32,4,128,256,30,1,20971520,20,4,6,241.57,1861.16,1.71,2.13509725,-2351.23470172031
8,20,1,128,256,50,3,52428800,20,4,6,95.135,4725.92,1.85,2.3073965,-1168.71067554657
12,48,1,160,256,50,2,2097152,20,4,6,125.159,3592.23,1.85,2.3993395,-1728.76991436063
12,24,5,192,1024,256,3,5242880,20,4,6,1199.517,374.81,1.55,1.92007875,-8491.09169669404
12,12,3,256,1024,10,2,2097152,20,4,6,404.149,1112.46,2.04,2.43763475,-5853.92839334741
48,20,4,32,1024,50,4,20971520,20,4,6,903.788,497.46,1.8,2.40368475,-12551.6001323132
12,16,4,224,256,30,1,5242880,20,4,6,184.767,2433.34,1.8,2.35199075,-2403.98213304483
20,72,1,96,1024,256,2,52428800,20,4,6,658.898,682.35,1.59,2.0647475,-5799.8803747346
20,12,2,32,256,256,1,5242880,20,4,6,201.111,2235.58,1.5,2.01218075,-1638.46359106365
12,72,4,96,256,256,1,20971520,20,4,6,540.598,831.67,1.53,1.93602525,-3922.90224557772
24,48,5,64,256,256,3,20971520,20,4,6,488.517,920.33,1.53,1.93944775,-3563.80500286416
72,48,3,96,1024,50,2,52428800,20,4,6,1520.332,295.72,1.65,2.07531825,-13589.1581275578
24,48,5,224,1024,256,3,10485760,20,4,6,1723.818,260.81,1.55,2.04749825,-14796.603250909
20,48,2,96,1024,50,1,20971520,20,4,6,728.733,616.96,1.6,2.10382925,-6785.78199884371
32,72,1,192,1024,256,3,5242880,20,4,6,722.969,621.88,1.59,2.06502125,-6366.39016656745
72,72,5,96,256,256,3,20971520,20,4,6,777.712,578.1,1.53,1.9820815,-6055.96454833037
32,12,1,160,256,50,1,20971520,20,4,6,105.573,4258.67,1.88,2.39058075,-1442.32495250336
72,48,2,224,1024,256,3,52428800,20,4,6,1452.352,309.56,1.54,1.9527975,-10815.4232155427
48,72,3,128,256,50,3,2097152,20,4,6,400.754,1121.88,1.74,2.387756,-5455.66507444952
24,48,3,256,1024,50,3,52428800,20,4,6,943.679,476.43,1.72,2.28280125,-11226.0919660501
48,24,4,224,256,256,3,20971520,20,4,6,399.621,1125.06,1.57,1.94345125,-2933.38627548649
48,48,3,192,256,50,3,5242880,20,4,6,365.637,1229.63,1.72,2.24731475,-4149.94024825477
72,48,2,96,256,50,2,52428800,20,4,6,351.784,1278.05,1.68,1.98517075,-2752.13469608804
48,12,4,64,1024,50,3,10485760,20,4,6,774.774,580.29,1.87,2.36268575,-10218.6358750224
48,72,4,96,256,256,1,52428800,20,4,6,603.674,744.77,1.56,2.15496325,-6041.18417553208
12,48,1,96,1024,50,3,20971520,20,4,6,396.612,1133.6,1.79,2.34609175,-5121.5430448663
12,48,4,96,256,256,1,2097152,20,4,6,430.879,1043.45,1.55,1.9662145,-3275.2768206713
48,12,4,96,1024,50,3,20971520,20,4,6,813.744,552.5,1.87,2.36268575,-10732.6183267433
48,48,4,160,256,50,3,20971520,20,4,6,395.971,1135.43,1.72,2.293602,-4777.68547986192
8,12,2,32,256,50,2,20971520,20,4,6,115.882,3879.81,1.83,2.09934325,-1072.17664104429
72,48,3,256,256,50,3,52428800,20,4,6,395.595,1136.51,1.71,2.1878245,-4142.74534539366
48,48,3,256,1024,256,3,10485760,20,4,6,1275.949,352.36,1.56,2.01676025,-10466.3712281905
72,32,3,256,1024,50,3,20971520,20,4,6,1249.238,359.9,1.67,2.2002935,-13307.2107119175
72,32,2,128,256,50,4,20971520,20,4,6,302.457,1486.49,1.7,2.12279225,-2893.25105678162
72,72,4,96,1024,256,4,10485760,20,4,6,2343.313,191.86,1.53,1.95177125,-17422.7638929376
32,24,3,96,1024,30,1,2097152,20,4,6,716.844,627.19,1.68,2.13772125,-7002.89924003417
48,48,2,96,1024,50,1,5242880,20,4,6,931.83,482.49,1.68,2.16130825,-9407.77283170667
72,32,1,96,1024,256,2,1048576,20,4,6,1002.17,448.62,1.61,1.9741785,-7710.82153455537
48,48,1,64,256,10,3,52428800,20,4,6,194.534,2311.16,2.19,2.92307775,-4858.66122314812
32,8,5,160,256,50,3,20971520,20,4,6,198,2270.71,1.86,2.34655675,-2558.34067488009
48,32,4,64,256,256,3,20971520,20,4,6,408.324,1101.08,1.55,2.01152875,-3323.40783660349
8,16,2,160,256,50,1,5242880,20,4,6,129.074,3483.28,1.75,2.22791,-1427.35400362295
48,48,3,256,1024,256,4,2097152,20,4,6,1277.302,351.99,1.58,2.047113,-10957.6907852262
48,32,5,96,256,50,3,52428800,20,4,6,370.107,1214.78,1.77,2.36330525,-4885.24960622501
20,48,2,160,1024,256,3,20971520,20,4,6,863.127,520.89,1.52,2.0490465,-7425.57595464239
20,8,1,128,1024,50,4,20971520,20,4,6,221.47,2030.07,2,2.58119125,-3808.68853246889
8,24,2,96,1024,256,1,2097152,20,4,6,594.371,756.43,1.52,1.95603375,-4448.22394368193
32,48,2,128,256,50,2,5242880,20,4,6,223.513,2011.52,1.64,2.13592525,-2178.01535477771
48,72,1,128,256,30,3,20971520,20,4,6,196.362,2289.65,1.98,2.481376,-3000.09618731092
48,48,4,192,256,50,3,2097152,20,4,6,438.38,1025.59,1.72,2.293602,-5289.38169881599
24,72,1,128,256,50,3,2097152,20,4,6,160.335,2804.13,1.78,2.35285675,-2088.40534495242
72,72,2,192,256,50,2,20971520,20,4,6,445.204,1009.87,1.68,2.04576,-3811.73856333261
72,72,2,224,256,50,3,52428800,20,4,6,422.015,1065.36,1.71,2.26701725,-4916.91116551469
72,72,5,160,1024,50,2,5242880,20,4,6,2589.275,173.63,1.63,1.98883875,-20369.337183077
72,24,5,256,1024,256,1,5242880,20,4,6,1568.289,286.68,1.55,1.972887,-12042.9457407222
48,32,2,32,256,256,3,20971520,20,4,6,306.736,1465.75,1.54,1.95287075,-2284.4689085809
48,20,5,192,1024,256,4,20971520,20,4,6,1351.963,332.55,1.6,2.139598,-13242.2369894384
48,32,4,64,1024,50,4,20971520,20,4,6,1125.485,399.47,1.8,2.407753,-15709.9755537203
32,48,4,64,1024,30,2,20971520,20,4,6,1235.204,363.98,1.71,2.2405425,-13893.0707793365
72,32,4,128,1024,50,2,52428800,20,4,6,1432.229,313.91,1.65,2.0611325,-12540.9430913039
16,48,1,96,1024,256,4,20971520,20,4,6,528.212,851.17,1.65,2.13368175,-5130.94301211735
12,48,1,192,256,256,2,52428800,20,4,6,214.306,2097.93,1.58,2.047474,-1839.45647873861
24,48,5,224,256,30,4,10485760,20,4,6,415.708,1081.53,1.78,2.25479075,-4765.48509790302
48,24,2,192,1024,10,1,5242880,20,4,6,761.044,590.76,2.02,2.56795275,-12887.5645008345
72,32,5,128,1024,50,2,20971520,20,4,6,1613.087,278.72,1.66,2.0611325,-14124.5794271182
72,72,4,64,256,30,1,20971520,20,4,6,551.691,814.95,1.74,2.2817225,-6553.66705372653
48,72,3,160,1024,50,2,52428800,20,4,6,1534.536,292.98,1.68,2.2810185,-18212.2458451222
12,72,1,96,256,50,4,5242880,20,4,6,156.288,2876.74,1.81,2.3568635,-2046.10975358627
16,72,3,64,256,50,3,52428800,20,4,6,341.746,1315.59,1.71,2.159016,-3439.30762430075
48,32,4,64,256,50,4,20971520,20,4,6,313.846,1432.55,1.81,2.414558,-4418.03878357837
48,12,2,224,1024,50,3,10485760,20,4,6,616.894,728.81,1.92,2.388972,-8410.92431669835
16,48,3,192,256,256,2,2097152,20,4,6,416.755,1078.81,1.54,1.93909125,-3038.61417094076
48,48,3,160,1024,256,2,20971520,20,4,6,1347.457,333.66,1.56,2.01676025,-11052.937990487
48,48,1,160,256,10,3,20971520,20,4,6,157.328,2857.73,2.19,2.92307775,-3929.40798480187
48,32,4,160,1024,50,3,10485760,20,4,6,1185.688,379.18,1.75,2.3510505,-15408.3557812419
72,48,1,32,256,50,2,10485760,20,4,6,255.114,1762.35,1.78,2.1313545,-2470.02507995417
72,16,4,128,1024,256,3,52428800,20,4,6,1275.484,352.49,1.6,2.1058065,-11910.5111702974
24,48,2,128,1024,30,2,1048576,20,4,6,696.6,645.42,1.73,2.25379,-7974.87368501427
48,24,4,64,1024,256,2,52428800,20,4,6,1121.03,401.06,1.58,2.077121,-10046.2186145895
8,48,3,128,1024,30,3,20971520,20,4,6,891.877,504.1,1.72,2.2250735,-9825.12419172496
48,32,5,160,256,50,3,20971520,20,4,6,369.4,1217.11,1.77,2.36330525,-4875.91751720318
48,48,4,96,1024,256,4,52428800,20,4,6,1587.332,283.24,1.58,2.0861265,-14410.8531081254
48,48,1,160,256,256,2,20971520,20,4,6,264.466,1700.03,1.59,2.052669,-2287.31836635584
24,24,1,64,256,256,3,52428800,20,4,6,213.571,2105.15,1.58,2.082061,-1927.62534975797
8,48,5,192,256,50,2,20971520,20,4,6,443.205,1014.43,1.65,2.11551375,-4196.16163239818
48,32,1,128,1024,10,3,52428800,20,4,6,507.033,886.72,2.06,2.68178225,-9779.27732048916
48,32,2,96,1024,50,3,52428800,20,4,6,793.812,566.38,1.73,2.283766,-9455.23808386037
48,48,4,160,1024,256,3,2097152,20,4,6,1587.578,283.19,1.56,2.0605095,-13888.6148835704
48,16,2,224,256,50,2,20971520,20,4,6,197.177,2280.18,1.85,2.353252,-2569.57657243086
24,20,3,128,1024,50,4,20971520,20,4,6,593.012,758.16,1.75,2.194089,-6263.63153626272
32,32,3,256,256,256,3,20971520,20,4,6,328.142,1370.14,1.51,1.9745115,-2526.04348945022
72,16,2,96,1024,256,4,5242880,20,4,6,1081.855,415.58,1.64,2.1115595,-10185.4220009765
32,48,2,64,256,256,2,5242880,20,4,6,317.075,1417.96,1.48,1.869069,-2070.32251142356
12,48,4,64,256,50,2,52428800,20,4,6,324.173,1386.91,1.7,2.25032325,-3694.1247885355
48,48,4,128,1024,256,3,20971520,20,4,6,1529.009,294.04,1.56,2.0605095,-13376.2354696985
48,32,3,32,1024,256,2,10485760,20,4,6,1047.51,429.2,1.58,2.10373125,-9752.79178347169
20,48,2,64,256,50,3,10485760,20,4,6,205.478,2188.07,1.68,2.11805375,-1952.43354632234
48,48,2,96,1024,256,2,20971520,20,4,6,1079.853,416.35,1.57,2.009287,-8759.72681604201
32,48,3,256,1024,256,1,52428800,20,4,6,1152.75,390.02,1.47,1.85551425,-7364.24134294882
32,32,3,96,1024,256,3,10485760,20,4,6,963.381,466.69,1.53,2.05320375,-8338.62077137573
48,8,3,64,1024,256,3,52428800,20,4,6,743.432,604.76,1.76,2.2416905,-8374.67967837911
20,48,3,96,1024,50,3,5242880,20,4,6,980.785,458.4,1.68,2.11805375,-9319.33119715861
72,8,4,96,1024,256,3,52428800,20,4,6,1187.582,378.58,1.72,2.174062,-12203.3588403403
32,72,5,96,1024,256,2,10485760,20,4,6,2231.99,201.43,1.51,1.93834125,-16254.8497255514
72,48,4,64,1024,50,3,20971520,20,4,6,1714.886,262.17,1.69,2.2802765,-20332.8281219551
20,32,1,128,256,256,2,20971520,20,4,6,196.646,2286.34,1.52,2.0017765,-1577.36382416282
72,20,4,192,256,256,3,10485760,20,4,6,492.958,912.04,1.54,1.95367475,-3675.92557370299
48,72,3,224,256,256,3,10485760,20,4,6,534.42,841.28,1.56,2.06758525,-4723.59852747715
8,72,1,224,1024,256,3,20971520,20,4,6,680.985,660.22,1.57,2.049649,-5863.75789711444
16,48,1,160,1024,30,3,20971520,20,4,6,371.268,1210.98,1.89,2.506611,-5847.20529420102
48,48,4,128,1024,256,2,2097152,20,4,6,1534.007,293.08,1.56,2.0605095,-13419.9594928256
8,32,2,128,1024,256,3,52428800,20,4,6,649.237,692.5,1.56,1.96970075,-4961.39738165602
12,72,1,160,1024,10,4,10485760,20,4,6,447.153,1005.47,2.05,2.60126975,-7870.68117890394
24,48,1,32,256,50,2,20971520,20,4,6,134.114,3352.37,1.79,2.3425085,-1723.92211918643
48,20,4,32,1024,50,3,52428800,20,4,6,902.454,498.19,1.75,2.2920555,-10866.7696869507
72,48,4,96,256,50,2,52428800,20,4,6,479.709,937.23,1.67,1.966116,-3645.90441745521
48,48,2,64,256,50,2,20971520,20,4,6,259.556,1732.19,1.75,2.19017775,-2726.89967782945
72,72,3,224,256,50,1,5242880,20,4,6,516.836,869.91,1.68,2.136045,-5037.13916725449
32,72,2,128,1024,50,4,52428800,20,4,6,981.141,458.24,1.72,2.3925985,-13438.1938863154
16,72,4,96,256,50,4,20971520,20,4,6,438.351,1025.66,1.73,2.271687,-5138.86820779019
16,72,4,64,256,50,2,10485760,20,4,6,428.718,1048.71,1.7,2.14059525,-4205.09091898752
48,8,1,128,256,256,2,20971520,20,4,6,203.505,2209.28,1.73,2.251652,-2323.15877997384
24,12,1,128,1024,30,2,52428800,20,4,6,247.188,1818.86,1.98,2.36775,-3281.21674715484
48,72,5,192,256,256,3,52428800,20,4,6,768.145,585.3,1.56,2.15496325,-7687.10499129346
16,24,2,64,256,50,3,20971520,20,4,6,148.704,3023.46,1.76,2.43893025,-2157.3509069322
32,72,3,96,256,50,3,52428800,20,4,6,377.708,1190.34,1.67,2.11588575,-3577.9381144476
12,48,3,128,1024,50,3,52428800,20,4,6,912.351,492.79,1.7,2.24600325,-10336.9661348073
12,72,3,96,256,256,2,10485760,20,4,6,447.788,1004.04,1.52,1.9122475,-3131.15636722576
48,72,4,64,1024,30,2,52428800,20,4,6,1785.302,251.83,1.73,2.2681715,-20832.4025498275
32,48,2,96,1024,50,2,10485760,20,4,6,799.06,562.66,1.64,2.1304255,-7726.42238173126
48,32,2,160,256,50,2,52428800,20,4,6,230.241,1952.74,1.73,2.24432825,-2602.80595154149
72,48,5,192,1024,256,4,52428800,20,4,6,2385.921,188.43,1.55,1.9899405,-18800.8001423989
16,72,2,128,1024,50,4,52428800,20,4,6,891.061,504.56,1.73,2.32486675,-11196.9988800302
48,24,4,224,1024,256,3,20971520,20,4,6,1199.569,374.8,1.6,2.12448425,-11502.3288863165
32,48,5,64,256,256,4,20971520,20,4,6,501.411,896.67,1.46,1.903675,-3459.17295669231
16,32,3,224,256,256,4,10485760,20,4,6,329.079,1366.24,1.52,2.02975325,-2751.88261950104
48,24,4,96,1024,50,4,20971520,20,4,6,1037.944,433.16,1.79,2.39154225,-14197.3763796515
48,48,2,256,1024,256,3,52428800,20,4,6,1021.219,440.25,1.57,2.009287,-8284.09001905963
72,72,4,128,256,256,1,20971520,20,4,6,656.699,684.63,1.53,1.9820815,-5113.64857803918
48,48,3,192,256,50,3,10485760,20,4,6,369.471,1216.87,1.72,2.24731475,-4193.45573194982
24,48,1,96,256,50,4,20971520,20,4,6,141.028,3188.02,1.81,2.3425085,-1812.79574559423
20,72,2,224,256,256,3,52428800,20,4,6,380.424,1181.84,1.5,1.99589975,-3024.712345948
12,72,4,32,1024,50,3,20971520,20,4,6,1537.681,292.38,1.74,2.233264,-17127.2029408929
48,48,2,224,256,50,2,5242880,20,4,6,280.082,1605.24,1.75,2.19017775,-2942.54617718654
32,32,3,64,256,50,3,20971520,20,4,6,231.578,1941.46,1.66,2.18997275,-2432.27923205744
20,48,3,32,1024,256,3,52428800,20,4,6,1049.757,428.29,1.5,1.99747525,-8366.29164446688
24,20,3,160,1024,30,3,52428800,20,4,6,608.843,738.45,1.77,2.19710025,-6457.35908682404
48,48,2,32,256,30,2,10485760,20,4,6,242.596,1853.29,1.8,2.23152075,-2695.79227435942
16,16,2,160,1024,50,2,20971520,20,4,6,409.529,1097.84,1.7,2.31899025,-5107.18310867563
48,24,2,128,1024,256,2,52428800,20,4,6,809.685,555.27,1.6,2.03253675,-6798.78510050758
48,16,2,64,1024,50,3,5242880,20,4,6,616.165,729.67,1.89,2.4984455,-9609.630005534
24,24,1,64,256,50,4,20971520,20,4,6,132.287,3398.67,1.87,2.35359025,-1724.68480247258
48,72,3,160,256,50,3,20971520,20,4,6,415.736,1081.45,1.74,2.387756,-5659.62254997166
48,48,2,128,1024,256,3,2097152,20,4,6,1033.003,435.23,1.57,2.009287,-8379.68138269916
32,72,4,192,1024,256,2,20971520,20,4,6,2075.957,216.57,1.51,1.93834125,-15118.5126598715
8,16,3,32,256,256,1,20971520,20,4,6,238.309,1886.63,1.49,1.99215,-1884.11128809932
32,32,4,128,256,50,4,52428800,20,4,6,276.558,1625.7,1.67,2.18708675,-2893.23862523123
32,24,3,160,256,50,4,2097152,20,4,6,213.046,2110.34,1.64,2.245635,-2412.63092403618
32,20,2,192,256,30,4,20971520,20,4,6,168.578,2667.02,1.81,2.43656625,-2438.57192770923
72,24,3,64,256,256,4,52428800,20,4,6,414.147,1085.6,1.53,1.97741925,-3202.21725034603
32,48,3,160,1024,30,2,52428800,20,4,6,1037.847,433.2,1.71,2.28876325,-12443.310802276
72,72,4,192,1024,50,3,52428800,20,4,6,2435.849,184.57,1.64,1.99403625,-19312.9897546737
72,72,3,128,1024,50,4,52428800,20,4,6,1769.127,254.13,1.67,2.25629275,-20321.0130326685
48,48,4,224,1024,30,4,52428800,20,4,6,1505.672,298.6,1.81,2.3553945,-19675.299140124
20,20,3,192,256,50,2,5242880,20,4,6,202.014,2225.59,1.69,2.1508675,-2010.12210773866
12,48,2,128,1024,50,2,52428800,20,4,6,667.768,673.28,1.64,2.20603775,-7169.09644726158
16,32,3,256,256,256,2,52428800,20,4,6,306.8,1465.45,1.52,2.02975325,-2565.57722511288
32,20,2,96,1024,256,3,10485760,20,4,6,657.096,684.22,1.56,2.0657775,-5792.67885677438
12,20,4,192,1024,10,2,10485760,20,4,6,766.075,586.88,1.94,2.5247805,-12329.4065070591
48,16,2,256,1024,50,4,5242880,20,4,6,596.73,753.44,1.92,2.55203925,-9918.36121131981
48,72,2,160,256,256,3,10485760,20,4,6,423.351,1062,1.57,2.11927925,-4029.62978351637
48,32,3,96,256,256,3,20971520,20,4,6,375.592,1197.04,1.52,1.952285,-2794.76944034139
48,48,2,192,1024,50,3,52428800,20,4,6,1036.998,433.56,1.75,2.27761775,-12252.3793567347
12,16,1,192,1024,50,4,20971520,20,4,6,245.634,1830.36,1.89,2.55208325,-4082.93994410725
20,12,1,128,1024,50,1,52428800,20,4,6,244.26,1840.66,1.84,2.415082,-3440.70941597936
32,32,2,224,256,50,2,52428800,20,4,6,201.363,2232.78,1.69,2.191673,-2119.85885322287
24,32,1,256,256,256,3,52428800,20,4,6,208.343,2157.98,1.56,2.095239,-1916.37113735846
48,48,4,256,1024,50,2,20971520,20,4,6,1384.805,324.66,1.7,2.27208575,-16242.8703072812
32,20,3,32,1024,256,3,20971520,20,4,6,755.765,594.89,1.55,2.06941975,-6697.80569289156
72,72,4,160,1024,50,2,5242880,20,4,6,2242.572,200.48,1.63,1.98883875,-17641.8901913962
24,32,2,64,1024,256,4,20971520,20,4,6,697.639,644.46,1.58,1.9774095,-5394.11995078176
32,72,4,32,256,256,2,20971520,20,4,6,536.282,838.36,1.5,1.82033275,-3234.78610023339
32,48,5,96,1024,50,2,20971520,20,4,6,1552.014,289.68,1.65,2.17398525,-15946.501351728
32,32,2,224,1024,256,1,10485760,20,4,6,810.373,554.8,1.53,2.00428375,-6524.73051233442
48,48,2,192,256,30,3,20971520,20,4,6,278.624,1613.64,1.83,2.26246925,-3226.75936065075
24,48,2,96,1024,50,1,10485760,20,4,6,741.839,606.06,1.66,2.24521675,-8396.2329989904
24,48,3,64,256,50,2,2097152,20,4,6,273.121,1646.16,1.69,2.1834525,-2843.06205685546
48,20,2,192,1024,256,4,52428800,20,4,6,890.07,505.12,1.63,2.14720475,-8811.39237472762
32,24,1,224,256,50,1,5242880,20,4,6,137.142,3278.36,1.89,2.49106575,-2119.95211097541
48,32,4,64,256,256,4,52428800,20,4,6,408.998,1099.27,1.55,2.01152875,-3328.89361966271
48,48,5,224,1024,50,2,52428800,20,4,6,1787.999,251.45,1.69,2.2615385,-20681.3663623251
20,72,2,224,256,50,1,52428800,20,4,6,281.213,1598.79,1.69,2.114935,-2660.27459275068
8,48,4,96,256,50,3,20971520,20,4,6,333.796,1346.93,1.62,2.1387875,-3265.75830349238
48,48,2,256,1024,256,3,20971520,20,4,6,1025.152,438.57,1.57,2.009287,-8315.99436675093
8,72,4,64,256,50,2,20971520,20,4,6,425.118,1057.59,1.64,2.076025,-3803.70853591346
24,16,2,224,1024,50,3,10485760,20,4,6,447.595,1004.48,1.83,2.3948475,-6147.78706507017
48,48,1,224,1024,256,1,20971520,20,4,6,815.47,551.33,1.69,2.12014725,-7771.52168773338
48,24,3,224,256,256,4,20971520,20,4,6,360.508,1247.13,1.56,1.95699625,-2701.99715209617
72,72,4,64,1024,50,4,5242880,20,4,6,2124.082,211.66,1.66,2.15325125,-21205.8362086332
12,48,4,128,256,50,3,20971520,20,4,6,325.084,1383.03,1.71,2.253372,-3719.58318326993
72,32,3,224,1024,256,2,20971520,20,4,6,1506.778,298.38,1.55,1.98581725,-11799.595167173
20,32,3,96,1024,50,2,10485760,20,4,6,767.411,585.86,1.6,2.12734175,-7388.21985069472
32,24,3,32,1024,256,3,52428800,20,4,6,814.297,552.13,1.49,1.8907575,-5504.150877635
72,48,3,160,256,50,2,5242880,20,4,6,417.806,1076.09,1.67,1.966116,-3175.42664623614
48,72,3,32,1024,50,3,20971520,20,4,6,1415.057,317.72,1.7,2.28127,-16799.7957613019
32,12,3,256,256,256,3,5242880,20,4,6,251.592,1787.02,1.52,1.99650375,-2002.19889929512
48,72,5,32,1024,256,3,52428800,20,4,6,2226.922,201.89,1.56,2.10459,-20759.0518318414
24,72,3,64,1024,256,1,52428800,20,4,6,1393.358,322.67,1.54,2.05208575,-12040.6305029528
48,48,4,192,256,256,3,52428800,20,4,6,552.847,813.24,1.56,2.00989075,-4488.71789247475
48,24,3,160,1024,30,3,5242880,20,4,6,868.391,517.74,1.81,2.350018,-11270.1288183306
32,48,4,256,1024,256,1,10485760,20,4,6,1379.678,325.87,1.46,1.85551425,-8813.95078512855
72,20,3,160,256,256,3,20971520,20,4,6,410.614,1094.94,1.53,1.972121,-3149.44788048668
72,32,3,160,1024,256,4,20971520,20,4,6,1438.672,312.51,1.55,1.97935825,-11156.680805804
48,48,5,96,256,50,3,52428800,20,4,6,460.032,977.32,1.72,2.285635,-5492.98832292101
48,32,3,128,1024,256,4,20971520,20,4,6,1068.302,420.85,1.6,2.1099545,-10034.9060695905
24,20,3,32,1024,256,3,20971520,20,4,6,713.025,630.55,1.59,2.071932,-6342.07321115489
32,32,2,160,1024,30,2,10485760,20,4,6,631.984,711.41,1.73,2.1864705,-6605.97536702115
12,48,4,192,1024,30,3,52428800,20,4,6,1336.428,336.41,1.74,2.281217,-15865.1931659354
72,32,2,32,1024,256,4,10485760,20,4,6,1169.335,384.49,1.55,1.978533,-9056.67626134491
12,16,3,160,256,50,2,52428800,20,4,6,163.368,2752.07,1.77,2.34584575,-2108.94545754595
48,32,2,224,1024,256,3,52428800,20,4,6,962.763,466.99,1.57,2.0224185,-7964.02252090259
8,16,1,192,256,256,3,10485760,20,4,6,168.262,2672.02,1.56,2.03025725,-1408.11867009844
20,48,3,96,256,50,4,20971520,20,4,6,275.855,1629.84,1.67,2.11805375,-2621.14949493741
16,72,1,192,1024,50,2,52428800,20,4,6,513.05,876.32,1.78,2.312383,-6343.64681767554
32,72,5,128,1024,256,1,52428800,20,4,6,2121.588,211.91,1.5,1.926705,-15174.2321337034
20,24,2,64,1024,256,2,20971520,20,4,6,608.591,738.75,1.53,2.0842155,-5510.02272071255
48,72,2,160,1024,256,2,10485760,20,4,6,1302.033,345.3,1.57,2.10826025,-12200.9782509223
72,32,3,192,256,30,4,52428800,20,4,6,380.758,1180.8,1.77,2.268952,-4447.59222350431
32,16,2,160,256,256,2,52428800,20,4,6,244.124,1841.69,1.5,1.98764775,-1917.02925958305
48,32,5,224,256,256,3,20971520,20,4,6,486.801,923.58,1.55,2.01152875,-3962.14344066579
12,72,2,128,256,50,1,20971520,20,4,6,252.404,1781.27,1.74,2.22604875,-2784.1988281216
24,24,2,32,1024,256,3,52428800,20,4,6,611.676,735.03,1.63,2.09796775,-5648.30141698853
48,24,1,128,1024,50,3,10485760,20,4,6,499.29,900.48,1.89,2.49740625,-7777.14955678183
32,16,3,224,1024,50,4,52428800,20,4,6,630.476,713.11,1.75,2.44987725,-9270.46531816793
16,32,4,160,256,50,3,10485760,20,4,6,267.031,1683.7,1.69,2.26103775,-3086.63390336535
32,48,2,96,256,256,3,20971520,20,4,6,324.475,1385.62,1.48,1.869069,-2118.64037497172
12,32,3,96,256,50,2,20971520,20,4,6,216.132,2080.21,1.66,2.07647,-1935.06721623623
72,24,1,160,256,10,3,2097152,20,4,6,210.421,2136.67,2.19,2.852024,-4881.44732936196
72,20,2,160,256,256,2,52428800,20,4,6,373.225,1204.63,1.54,1.92892175,-2678.64127783925
32,24,2,224,256,50,3,52428800,20,4,6,180.385,2492.45,1.67,2.41885275,-2552.87008346595
24,48,3,32,256,256,4,20971520,20,4,6,360.679,1246.54,1.52,1.91852375,-2546.96159504887
72,48,5,128,1024,256,1,52428800,20,4,6,2089.499,215.17,1.51,1.86739825,-13606.7062813772
48,24,2,192,256,256,1,52428800,20,4,6,337.584,1331.81,1.57,1.96317925,-2554.24010762088
32,32,2,128,1024,50,1,10485760,20,4,6,625.741,718.5,1.64,2.180238,-6484.94543659857
48,48,3,32,256,50,2,5242880,20,4,6,313.128,1435.83,1.71,2.203578,-3350.48121691111
16,48,4,160,256,256,4,20971520,20,4,6,433.199,1037.86,1.53,1.9201525,-3066.86466398621
32,48,4,128,1024,256,2,52428800,20,4,6,1370.801,327.98,1.5,1.91869275,-9682.57157752955
12,48,3,192,256,50,2,52428800,20,4,6,300.072,1498.31,1.69,2.25032325,-3419.48099794068
72,32,4,128,256,256,3,20971520,20,4,6,486.801,923.58,1.49,1.9444295,-3578.72284626202
48,32,2,64,256,50,4,10485760,20,4,6,222.566,2020.07,1.79,2.37929875,-2997.82136170658
48,16,5,96,1024,256,2,10485760,20,4,6,1141.36,393.91,1.64,2.1545865,-11416.012911873
20,72,1,160,1024,256,3,20971520,20,4,6,619.338,725.93,1.59,2.0710855,-5502.01552705896
48,48,4,192,1024,50,2,20971520,20,4,6,1623.648,276.9,1.7,2.27208575,-19044.3447912713
48,32,1,224,256,50,2,20971520,20,4,6,186.64,2408.92,1.93,2.5146795,-2967.92314035016
72,72,2,96,256,50,1,10485760,20,4,6,405.549,1108.62,1.68,2.0533495,-3511.00918207232
16,48,2,96,1024,50,2,52428800,20,4,6,712.139,631.33,1.7,2.158895,-7165.71171319277
48,72,3,96,256,10,3,52428800,20,4,6,384.111,1170.49,1.95,2.55550375,-6410.41745425016
72,48,2,96,256,256,2,52428800,20,4,6,448.927,1001.5,1.49,1.793698,-2590.73920855521
16,32,1,192,1024,256,3,20971520,20,4,6,455.165,987.77,1.64,2.13351425,-4420.33824845928
72,72,2,256,256,50,4,20971520,20,4,6,390.146,1152.39,1.73,2.28614075,-4661.6112527997
20,72,3,96,1024,256,2,20971520,20,4,6,1434.164,313.49,1.5,1.952879,-10681.3174544206
24,20,4,224,1024,256,1,52428800,20,4,6,923.059,487.07,1.55,2.10095,-8560.05611511562
24,72,4,224,1024,256,2,20971520,20,4,6,1897.007,237,1.56,2.1233725,-18161.3236864556
48,32,4,64,256,50,2,10485760,20,4,6,315.921,1423.14,1.73,2.34874225,-4093.40368047687
8,24,5,64,1024,256,2,20971520,20,4,6,1026.247,438.1,1.51,1.935183,-7437.34660020086
32,48,3,96,1024,30,3,52428800,20,4,6,1042.886,431.11,1.77,2.404473,-14497.6146374198
24,48,3,192,1024,50,3,20971520,20,4,6,1114.034,403.57,1.72,2.28280125,-13252.6506760314
72,32,4,160,256,50,1,52428800,20,4,6,412.205,1090.72,1.65,2.0224795,-3410.08842219272
48,32,2,256,1024,50,3,20971520,20,4,6,744.058,604.25,1.73,2.283766,-8862.60920495152
48,12,2,192,1024,256,1,10485760,20,4,6,806.598,557.4,1.71,2.17534575,-8303.13352081141
48,48,3,160,256,50,2,20971520,20,4,6,334.243,1345.13,1.71,2.203578,-3576.41250026832
72,12,2,32,1024,50,2,20971520,20,4,6,867.733,518.13,1.76,2.29267675,-10457.1802624024
32,48,4,96,1024,50,3,10485760,20,4,6,1323.874,339.61,1.67,2.201434,-14124.1936042434
12,20,4,96,256,256,1,20971520,20,4,6,305.22,1473.03,1.57,1.98291225,-2379.70692977766
72,24,4,192,256,50,1,20971520,20,4,6,409.855,1096.97,1.71,2.051865,-3540.59774226813
16,20,2,32,256,256,2,20971520,20,4,6,224.111,2006.15,1.54,1.97049875,-1714.71388489968
12,32,2,224,1024,50,2,5242880,20,4,6,560.37,802.32,1.67,2.096856,-5166.31279158057
72,48,5,192,1024,10,1,20971520,20,4,6,2235.785,201.09,1.89,2.5561955,-37343.2606552854
20,48,4,64,256,50,4,52428800,20,4,6,328.228,1369.78,1.67,2.11805375,-3118.79304861002
16,32,4,192,256,50,3,52428800,20,4,6,295.725,1520.33,1.69,2.26103775,-3418.31027510932
48,48,1,160,1024,50,2,5242880,20,4,6,604.53,743.71,1.86,2.45764025,-8973.72571290501
48,48,3,224,1024,256,2,52428800,20,4,6,1400.391,321.05,1.56,2.01676025,-11487.145701448
12,12,5,128,1024,50,1,20971520,20,4,6,634.349,708.75,1.79,2.26615075,-7382.35031755395
20,72,2,128,1024,10,4,20971520,20,4,6,888.365,506.09,1.99,2.5854245,-15352.7797513626
48,48,3,128,256,256,1,10485760,20,4,6,415.005,1083.36,1.56,1.962729,-3137.86566620297
72,72,3,64,1024,50,1,1048576,20,4,6,1790.723,251.07,1.63,2.0758645,-16018.6317509674
32,16,2,96,256,50,2,52428800,20,4,6,154.912,2902.29,1.73,2.19335625,-1634.60412492428
20,48,3,128,1024,50,2,20971520,20,4,6,938.833,478.89,1.62,2.04673125,-8049.53528133103
20,32,3,64,256,50,1,10485760,20,4,6,215.535,2085.97,1.6,2.1083265,-2019.90714971218
72,48,5,128,256,256,3,52428800,20,4,6,619.032,726.29,1.51,1.94143125,-4529.80125309627
48,48,4,64,1024,256,2,20971520,20,4,6,1533.951,293.09,1.56,2.0605095,-13419.4695878046
72,48,4,192,256,256,3,20971520,20,4,6,642.949,699.27,1.51,1.94143125,-4704.81523713959
32,72,4,32,1024,50,2,20971520,20,4,6,1613.754,278.6,1.66,2.18944075,-16937.0169662477
32,32,1,192,1024,50,3,10485760,20,4,6,415.913,1080.99,1.81,2.416169,-5866.57218644983
16,48,4,128,256,256,3,52428800,20,4,6,423.023,1062.82,1.53,1.9201525,-2994.82291222611
20,72,2,96,256,256,2,10485760,20,4,6,367.643,1222.92,1.5,1.99589975,-2923.09192112317
48,24,2,128,256,50,2,52428800,20,4,6,204.719,2196.18,1.76,2.31864125,-2551.87163933037
48,32,5,64,1024,256,3,20971520,20,4,6,1432.426,313.87,1.58,2.082946,-12945.1244086896
32,16,3,192,256,256,1,5242880,20,4,6,308.644,1456.69,1.49,1.98764775,-2423.68459796968
48,8,5,128,1024,50,3,20971520,20,4,6,780.871,575.76,1.98,2.5630845,-13148.2534512237
32,72,3,224,1024,50,3,20971520,20,4,6,1432.809,313.78,1.66,2.24014975,-16107.1778540905
48,48,3,192,256,50,2,52428800,20,4,6,367.765,1222.52,1.71,2.203578,-3935.09914391978
72,48,4,128,256,256,2,52428800,20,4,6,553.696,811.99,1.51,1.94143125,-4051.70142195297
8,48,1,64,1024,50,2,20971520,20,4,6,483.066,930.72,1.69,2.14468325,-4765.36259039423
48,32,4,96,1024,50,3,20971520,20,4,6,1173.282,383.19,1.75,2.3510505,-15247.136251465
16,32,3,96,1024,256,4,52428800,20,4,6,869.674,516.97,1.58,2.09925325,-8045.46202243591
48,48,3,224,256,50,4,5242880,20,4,6,348.589,1289.77,1.73,2.1985265,-3704.32252779785
32,48,3,224,256,30,2,2097152,20,4,6,296.987,1513.87,1.73,2.255739,-3408.81933127872
32,20,2,256,256,50,2,5242880,20,4,6,160.564,2800.13,1.71,2.2886175,-1924.72116597898
24,48,3,224,256,256,3,1048576,20,4,6,397.287,1131.67,1.52,1.91852375,-2805.47171089024
24,48,4,160,1024,50,1,20971520,20,4,6,1247.872,360.29,1.63,2.1834525,-12989.7647380185
24,48,1,160,256,50,3,10485760,20,4,6,138.792,3239.38,1.8,2.35359025,-1809.49339772445
32,32,4,160,1024,50,3,5242880,20,4,6,1023.884,439.11,1.7,2.197907,-10871.2302220785
48,32,5,224,256,256,2,52428800,20,4,6,490.731,916.18,1.55,2.01152875,-3994.13027660453
16,32,5,96,256,256,4,20971520,20,4,6,412.719,1089.36,1.51,2.02974575,-3451.27356332354
16,48,3,64,256,50,3,20971520,20,4,6,264.569,1699.37,1.71,2.23091725,-2937.57755016111
32,8,3,192,256,10,3,20971520,20,4,6,146.738,3063.97,2.27,2.609927,-2608.72125183012
72,8,1,256,1024,256,3,20971520,20,4,6,872.157,515.5,1.78,2.19253775,-9192.54806872366
12,32,4,160,1024,30,2,10485760,20,4,6,904.706,496.95,1.69,2.05294075,-7827.74585067845
72,72,3,224,256,256,1,20971520,20,4,6,620.343,724.76,1.53,1.972887,-4763.63545853911
24,32,5,128,1024,50,1,20971520,20,4,6,1113.967,403.6,1.63,2.0787985,-10007.1292684891
48,24,1,160,256,256,2,52428800,20,4,6,235.169,1911.82,1.6,2.0676605,-2078.82421016602
48,48,4,224,256,256,2,20971520,20,4,6,516.716,870.11,1.56,2.00989075,-4195.360297746
16,20,3,224,1024,256,2,52428800,20,4,6,743.357,604.82,1.56,2.07136875,-6606.4734678309
32,72,4,128,1024,50,2,10485760,20,4,6,1686.581,266.57,1.66,2.18944075,-17701.3665106026
72,16,4,192,1024,50,2,52428800,20,4,6,1339.292,335.7,1.71,2.1766195,-13810.9267401187
16,72,5,64,256,50,4,52428800,20,4,6,510.978,879.88,1.73,2.271687,-5990.28768972859
48,48,4,192,256,256,3,20971520,20,4,6,550.416,816.83,1.56,2.00989075,-4468.97993025987
48,32,1,128,1024,50,2,10485760,20,4,6,536.234,838.44,1.87,2.40836475,-7490.6780789704
48,48,5,64,256,256,1,20971520,20,4,6,540.138,832.38,1.56,2.00989075,-4385.53000198161
48,48,2,192,1024,256,3,52428800,20,4,6,1185.072,379.38,1.57,2.009287,-9613.25937636005
72,32,4,96,256,256,2,20971520,20,4,6,498.697,901.55,1.49,1.9444295,-3666.17641965059
16,48,2,224,256,50,2,20971520,20,4,6,216.242,2079.15,1.69,2.19097425,-2274.32156714667
48,72,3,192,256,256,1,52428800,20,4,6,572.892,784.79,1.56,2.06758525,-5063.64246772845
24,32,2,96,1024,256,1,20971520,20,4,6,723.567,621.36,1.55,1.9774095,-5594.59432518438
12,48,2,64,1024,50,3,2097152,20,4,6,669.641,671.4,1.69,2.27852425,-7921.41928798756
48,48,2,64,1024,50,2,10485760,20,4,6,912.166,492.89,1.71,2.2615385,-10550.8108389639
48,16,3,128,256,256,4,10485760,20,4,6,302.55,1486.03,1.59,2.04108825,-2572.66065729299
48,48,4,192,256,50,2,52428800,20,4,6,439.01,1024.12,1.7,2.23152075,-4878.3976914975
72,48,3,160,256,50,4,52428800,20,4,6,414.104,1085.72,1.72,2.246942,-4697.69711474844
48,20,5,256,1024,50,2,52428800,20,4,6,1045.652,429.97,1.72,2.15664975,-10488.805463161
48,48,4,160,1024,256,3,20971520,20,4,6,1596.409,281.63,1.56,2.0605095,-13965.8711557263
32,72,4,128,256,50,2,20971520,20,4,6,443.757,1013.16,1.67,2.12364275,-4250.00650547244
16,20,1,192,1024,256,2,20971520,20,4,6,394.376,1140.03,1.7,2.1425945,-3879.09517287842
12,32,5,256,1024,256,3,20971520,20,4,6,1189.416,378,1.5,1.849566,-7525.63717359895
72,48,3,192,256,256,3,52428800,20,4,6,562.074,799.89,1.51,1.868376,-3665.9483041493
32,12,2,224,1024,256,2,5242880,20,4,6,598.491,751.22,1.61,2.09138375,-5474.68091161537
48,48,1,160,256,50,4,5242880,20,4,6,181.241,2480.68,1.88,2.46566225,-2716.79711807536
72,32,3,224,1024,256,3,20971520,20,4,6,1502.767,299.18,1.55,1.97935825,-11653.727704783
48,72,2,64,256,256,2,20971520,20,4,6,403.845,1113.3,1.57,2.11927925,-3843.96361393777
48,32,4,96,1024,50,2,20971520,20,4,6,1160.361,387.46,1.73,2.34179875,-14901.906466895
48,16,2,96,256,256,4,1048576,20,4,6,281.37,1597.89,1.59,2.04206925,-2396.01309644632
48,48,3,192,256,256,4,5242880,20,4,6,477.675,941.22,1.56,1.962729,-3611.71547837617
12,24,2,32,1024,50,4,52428800,20,4,6,444.424,1011.64,1.79,2.40905925,-6213.55215792727
32,72,3,224,1024,50,3,20971520,20,4,6,1434.751,313.36,1.66,2.24014975,-16129.0091933636
48,48,4,160,256,256,4,20971520,20,4,6,494.109,909.92,1.56,2.00989075,-4011.80780420768
12,48,3,64,1024,30,1,20971520,20,4,6,897.091,501.17,1.67,2.344287,-11557.6313379106
48,12,1,192,1024,256,1,52428800,20,4,6,568.149,791.34,1.75,2.31830625,-7079.04486456415
72,48,1,224,256,50,3,2097152,20,4,6,290.659,1546.83,1.8,2.194364,-3071.21191748622
48,48,2,224,256,50,3,52428800,20,4,6,278.245,1615.84,1.74,2.19017775,-2923.24662445737
16,72,1,192,1024,50,3,10485760,20,4,6,514.689,873.53,1.84,2.47052175,-7760.87934343129
20,72,4,32,1024,256,2,52428800,20,4,6,1674.145,268.55,1.51,1.92316375,-11908.0832753382
24,32,2,96,256,50,2,52428800,20,4,6,179.813,2500.38,1.69,2.165107,-1824.98449589441
32,12,1,192,256,256,3,5242880,20,4,6,184.945,2430.99,1.55,2.070819,-1642.36249044182
48,16,5,160,1024,50,3,20971520,20,4,6,1014.529,443.16,1.84,2.4322555,-14597.9559259381
48,48,4,224,256,256,4,52428800,20,4,6,513.917,874.85,1.56,2.00989075,-4172.63444162118
20,72,5,96,256,50,2,52428800,20,4,6,538.084,835.55,1.63,2.0553405,-4671.98477049498
32,20,5,64,256,50,4,52428800,20,4,6,259.478,1732.71,1.7,2.302499,-3167.37068282217
48,12,3,64,256,256,1,10485760,20,4,6,284.865,1578.29,1.61,2.083658,-2577.02366211537
32,72,3,192,256,50,2,20971520,20,4,6,419.903,1070.72,1.66,2.11588575,-3977.64132099636
48,72,3,128,1024,256,1,52428800,20,4,6,1585.706,283.53,1.55,2.0799055,-14267.6839172765
20,32,2,192,1024,30,4,52428800,20,4,6,622.341,722.43,1.76,2.39009975,-8497.21276283095
48,16,5,128,256,256,1,20971520,20,4,6,360.633,1246.69,1.6,2.04108825,-3066.55538199155
32,48,4,96,1024,256,3,52428800,20,4,6,1430.711,314.25,1.51,1.9590045,-10756.1838565511
48,48,1,256,1024,256,1,52428800,20,4,6,763.567,588.81,1.69,2.12014725,-7276.88020471325
48,12,3,128,256,256,1,10485760,20,4,6,286.873,1567.24,1.61,2.083658,-2595.18898082257
48,48,2,64,1024,50,4,5242880,20,4,6,912.178,492.88,1.78,2.356165,-11931.5453125132
32,48,1,160,1024,30,1,52428800,20,4,6,456.656,984.55,1.73,2.3205945,-5706.72498764164
72,16,2,224,1024,50,2,20971520,20,4,6,996.48,451.18,1.72,2.16718625,-10142.7867898807
12,48,2,96,1024,50,3,20971520,20,4,6,686.993,654.44,1.69,2.27852425,-8126.68220869457
24,72,5,128,256,256,4,10485760,20,4,6,615.357,730.63,1.54,2.04006575,-5224.67931787535
48,12,4,192,1024,256,2,20971520,20,4,6,1044.076,430.62,1.7,2.18920525,-10954.4746761038
48,48,5,128,256,256,3,20971520,20,4,6,536.414,838.16,1.56,2.00989075,-4355.29381469728
32,72,4,96,1024,30,4,52428800,20,4,6,1710.926,262.78,1.77,2.41611675,-24131.5364667672
72,24,1,224,256,30,4,52428800,20,4,6,247.602,1815.82,1.98,2.56796425,-4192.96337147566
16,48,3,128,256,256,2,20971520,20,4,6,360.793,1246.14,1.54,1.93909125,-2630.58804951646
72,48,3,224,256,256,3,5242880,20,4,6,535.107,840.2,1.51,1.868376,-3490.06465196472
48,32,5,224,256,256,2,20971520,20,4,6,490.51,916.59,1.55,2.01152875,-3992.33152577948
48,48,3,256,256,256,4,20971520,20,4,6,418.544,1074.2,1.56,1.962729,-3164.62415487827
48,48,2,64,1024,256,2,52428800,20,4,6,1028.059,437.32,1.57,2.009287,-8339.57584113146
12,16,3,224,1024,50,2,2097152,20,4,6,528.757,850.29,1.76,2.159752,-5326.81708991544
12,48,1,224,1024,50,3,52428800,20,4,6,434.85,1033.92,1.79,2.34609175,-5615.31923658414
8,48,2,224,1024,256,3,52428800,20,4,6,856.735,524.78,1.5,1.96429125,-6493.28037232442
24,12,2,192,1024,50,1,20971520,20,4,6,451.185,996.48,1.75,2.36461675,-5965.36384409549
20,48,5,64,256,256,2,2097152,20,4,6,491.86,914.08,1.46,2.002807,-3951.47107604297
72,48,1,32,256,30,2,52428800,20,4,6,248.432,1809.75,1.88,2.25964025,-2866.32506709418
48,32,3,160,1024,50,2,1048576,20,4,6,987.011,455.51,1.71,2.284226,-11763.5717148195
24,24,3,128,256,50,2,52428800,20,4,6,195.917,2294.85,1.77,2.116758,-1858.17131459838
48,12,4,256,256,256,2,20971520,20,4,6,310.327,1448.79,1.61,2.1255075,-2979.93978349203
24,72,3,64,1024,50,1,52428800,20,4,6,1282.612,350.53,1.62,2.14652725,-12685.4102610227
24,72,4,256,1024,50,2,10485760,20,4,6,1604.462,280.21,1.69,2.246733,-18196.3310122238
72,32,3,256,1024,256,1,20971520,20,4,6,1370.468,328.06,1.52,1.97935825,-10627.7692417511
12,72,5,224,256,50,3,10485760,20,4,6,552.938,813.11,1.71,2.26037825,-6385.86593269699
16,72,2,224,256,50,3,52428800,20,4,6,276.693,1624.9,1.73,2.26261525,-3205.01673823496
72,48,3,224,256,256,3,2097152,20,4,6,537.857,835.91,1.51,1.868376,-3508.00064942486
72,8,2,160,256,256,2,20971520,20,4,6,333.099,1349.75,1.58,2.15311,-3324.84943323037
16,48,2,64,256,50,2,52428800,20,4,6,202.467,2220.61,1.69,2.19097425,-2129.44323829545
48,72,3,96,1024,50,2,52428800,20,4,6,1542.626,291.45,1.68,2.2810185,-18308.2599294363
72,16,1,160,1024,50,4,20971520,20,4,6,786.207,571.86,1.93,2.49641975,-12231.7820918295
12,48,4,160,1024,256,1,52428800,20,4,6,1353.797,332.1,1.51,2.00731575,-10949.6597478007
32,48,4,160,1024,256,3,52428800,20,4,6,1432.644,313.82,1.51,1.9590045,-10770.7162837113
32,48,3,192,256,50,3,20971520,20,4,6,328.563,1368.38,1.66,2.29114975,-3951.6555543671
48,72,4,96,256,10,2,2097152,20,4,6,474.5,947.52,1.94,2.56669275,-8023.38936346346
48,32,2,192,1024,10,3,20971520,20,4,6,839.242,535.72,2.03,2.51792475,-13397.2434827242
72,20,3,96,1024,50,1,52428800,20,4,6,1141.669,393.81,1.65,2.19986175,-12154.1998810803
48,72,3,96,256,256,3,20971520,20,4,6,515.132,872.78,1.56,2.06758525,-4553.11694295939
8,16,4,96,256,50,2,20971520,20,4,6,189.446,2373.24,1.71,2.0103725,-1539.27084859209
72,72,4,160,256,50,2,10485760,20,4,6,595.011,755.61,1.66,2.038899,-5043.26899844079
20,48,3,96,1024,256,2,20971520,20,4,6,1117.769,402.23,1.49,1.99747525,-8908.3296850072
32,48,2,96,256,256,3,52428800,20,4,6,328.041,1370.56,1.48,1.869069,-2141.92436164912
48,8,3,96,1024,50,2,52428800,20,4,6,650.908,690.72,1.97,2.5630845,-10959.9451861179
72,48,5,192,256,50,2,20971520,20,4,6,602.646,746.04,1.65,1.966116,-4580.25534972601
12,32,1,192,256,50,3,20971520,20,4,6,114.249,3935.27,1.74,2.283412,-1360.20774902859
72,12,1,224,1024,256,2,52428800,20,4,6,971.225,462.92,1.67,2.11527725,-9192.24833377091
12,72,3,192,1024,256,3,10485760,20,4,6,1575.14,285.43,1.56,1.950366,-11686.0438798193
24,12,5,128,256,30,3,20971520,20,4,6,192.611,2334.24,1.9,2.3941965,-2643.38524062005
20,8,2,160,1024,256,2,52428800,20,4,6,470.793,954.98,1.63,2.0829285,-4254.54463108604
48,72,4,160,1024,50,4,52428800,20,4,6,1884.73,238.54,1.73,2.29365375,-22742.212630195
32,48,4,128,1024,256,3,20971520,20,4,6,1396.191,322.01,1.51,1.9590045,-10496.6601185438
72,32,4,96,256,10,2,10485760,20,4,6,384.777,1168.47,1.88,2.261675,-4451.43152004236
48,16,3,128,1024,50,2,20971520,20,4,6,733.031,613.34,1.8,2.39805125,-10108.7562026703
24,32,2,224,1024,256,2,10485760,20,4,6,761.747,590.22,1.57,1.9774095,-5889.80072809598
72,48,2,96,256,256,4,20971520,20,4,6,443.989,1012.63,1.49,1.793698,-2562.24221413998
72,72,1,160,256,256,4,20971520,20,4,6,375.732,1196.6,1.57,2.07924225,-3377.48522962446
24,48,5,256,1024,30,3,20971520,20,4,6,1433.202,313.7,1.75,2.28207975,-17033.3416475804
48,48,2,128,256,30,4,52428800,20,4,6,248.032,1812.67,1.83,2.33847225,-3171.78964609245
48,48,5,96,1024,256,3,52428800,20,4,6,1851.79,242.79,1.56,2.063629,-16273.7110868837
12,48,4,160,1024,50,3,20971520,20,4,6,1218.929,368.84,1.7,2.281217,-14470.3224121018
48,48,2,64,256,50,3,52428800,20,4,6,255.178,1761.91,1.74,2.19017775,-2680.90433659466
48,48,5,128,1024,256,4,5242880,20,4,6,1763.328,254.97,1.57,2.08892925,-16073.2721085567
72,32,4,224,256,50,1,5242880,20,4,6,426.967,1053.01,1.65,2.0224795,-3532.2114563345
48,32,3,128,1024,50,3,52428800,20,4,6,952.57,471.98,1.75,2.3510505,-12378.9204803773
16,48,4,224,256,50,4,20971520,20,4,6,349.643,1285.88,1.73,2.27183575,-4099.73349460937
24,24,4,96,256,50,1,20971520,20,4,6,241.16,1864.32,1.74,2.14822525,-2390.80814090107
32,20,5,128,1024,256,2,2097152,20,4,6,1028.51,437.13,1.52,2.06941975,-9114.94992913922
72,48,3,192,256,256,3,10485760,20,4,6,568.477,790.88,1.51,1.868376,-3707.7098284174
72,72,1,160,256,256,3,10485760,20,4,6,400.785,1121.8,1.57,2.07924225,-3602.68866573792
24,32,3,64,1024,50,2,2097152,20,4,6,750.63,598.96,1.69,2.1382115,-7338.00326414747
24,20,3,256,1024,256,2,52428800,20,4,6,715.462,628.4,1.57,2.071932,-6363.74935493047
48,72,2,128,256,50,4,20971520,20,4,6,311.098,1445.2,1.8,2.404507,-4324.89289068759
32,32,4,192,256,50,1,52428800,20,4,6,322.152,1395.61,1.65,2.16200275,-3255.58889178275
32,72,3,224,1024,256,1,20971520,20,4,6,1588.315,283.06,1.49,1.85244975,-10096.6184697922
32,24,5,96,1024,30,2,52428800,20,4,6,1033.063,435.21,1.69,2.14015425,-10126.5622088146
12,32,2,128,256,256,1,52428800,20,4,6,256.893,1750.14,1.51,1.916184,-1807.44004039454
32,32,4,96,1024,50,2,20971520,20,4,6,1015.745,442.63,1.68,2.15396925,-10150.8682327448
